repl_id,k,validation_AUC,test_AUC
0,5,0.6861629163205804,0.6817316749184881
0,6,0.693568375623665,0.6855452240067624
0,7,0.6975785623873051,0.6871766694843617
0,8,0.6947982040720565,0.6896341021615746
0,9,0.6933867394220564,0.6908048544861731
0,10,0.6946033235640805,0.6924248279193335
0,11,0.6942684318173649,0.6931499818862457
0,12,0.6975605879715209,0.6930026566839753
0,13,0.6969144550251737,0.6942736384494627
0,14,0.6976372157440747,0.6951684579157107
0,15,0.6999114523517159,0.6962214708368554
0,16,0.7012264227696116,0.6968198285231252
0,17,0.7033842986855972,0.6980739041178603
0,18,0.7030863017923331,0.6992905446202149
0,19,0.7033890287950141,0.6991220867045042
0,20,0.7031657676305367,0.699781427363845
0,21,0.70330388682551,0.7001237773215795
0,22,0.7022036633751412,0.7002541963530975
0,23,0.701202772222527,0.7005367709213863
0,24,0.7014988770720245,0.7018554522400677
0,25,0.7015641525819776,0.7020788552107233
0,26,0.7012207466383112,0.702410940707644
0,27,0.7008338236880095,0.7032459847844464
0,28,0.7006417812456837,0.7043726603067262
0,29,0.7005367728166288,0.7048556937567926
0,30,0.7004204121249733,0.7048925250573602
0,31,0.7001328214724263,0.7051334379905808
0,32,0.6995273674670642,0.7050483033450067
0,33,0.6991338223635789,0.7047820311556575
0,34,0.6983722747474594,0.7040230648472408
0,35,0.6980591415040611,0.7036704504286921
0,36,0.6978472326021846,0.7031505856780582
0,37,0.6980752238760787,0.7037851708730829
0,38,0.6981840163926673,0.7030358652336673
0,39,0.6983807889444098,0.7028112546793865
0,40,0.6984460644543631,0.7030938292476755
0,41,0.6976457299410248,0.703389687235841
0,42,0.6975236931180692,0.7044100953991065
0,43,0.6971112275769163,0.7045447409733124
0,44,0.6964887451776535,0.7042790725757758
0,45,0.6961831801093223,0.7044620214949885
0,46,0.696367654376581,0.704160125588697
0,47,0.6961519613871707,0.7037652457432677
0,48,0.6955928624540942,0.7041752203840115
0,49,0.6963648163109308,0.7042506943605845
0,50,0.69613493299327,0.7040997464074388
1,5,0.6860143908848899,0.6814370245139476
1,6,0.6837656968681,0.6865451032483999
1,7,0.6835821686227246,0.6892029948073904
1,8,0.6829757685954791,0.6902511773940345
1,9,0.6835736544257742,0.6918741697862577
1,10,0.6822435476577444,0.6927834802560078
1,11,0.6833257966923291,0.6934971621784809
1,12,0.6842368157660224,0.6926995531940586
1,13,0.6838111059185021,0.6936801110976936
1,14,0.6831678110378049,0.694010989010989
1,15,0.6824289679468866,0.6949251298152397
1,16,0.6836587963952784,0.6951606086221471
1,17,0.6835036488064042,0.6943466972587854
1,18,0.6839444950040584,0.6941981644728897
1,19,0.6848507839683348,0.6933190435937688
1,20,0.6838754354065719,0.6933468180171476
1,21,0.6833636375676642,0.6922092742422412
1,22,0.6829540100921614,0.6929730708851587
1,23,0.682157459666357,0.6922533510445599
1,24,0.6818916275171277,0.6923783359497645
1,25,0.6806267962590511,0.6921953870305518
1,26,0.6797034789008739,0.6928559352735175
1,27,0.6794707575175629,0.6935285593527352
1,28,0.6782910682289902,0.6931904359376888
1,29,0.6780290201672945,0.692708006279435
1,30,0.6783421534106927,0.6925467938654751
1,31,0.6792399281780186,0.6927647627098177
1,32,0.6794792717145133,0.6920607414563459
1,33,0.6794471069704784,0.6918699432435698
1,34,0.6801651375799624,0.6916290303103491
1,35,0.6801197285295604,0.6910819949281488
1,36,0.6810061510342856,0.6916380871875376
1,37,0.6804602964075764,0.6917751479289941
1,38,0.680219060827315,0.6916670691945418
1,39,0.6804442140355591,0.6913947590870668
1,40,0.680001475794138,0.6911761864509117
1,41,0.6788293546806324,0.6910137664533269
1,42,0.6780630769550962,0.6908604033329309
1,43,0.6771057028091173,0.6904691462383771
1,44,0.6764813283660878,0.6908187416978627
1,45,0.6758578999449415,0.6905174495833837
1,46,0.6763536154118317,0.6905126192488831
1,47,0.6763555074555985,0.6913941552952542
1,48,0.6764879505192714,0.6917522038401159
1,49,0.6763838881120997,0.6916821639898564
1,50,0.6761663030789229,0.6917672986354305
2,5,0.674020725447421,0.6777538944571911
2,6,0.6763763199370327,0.6812136215432918
2,7,0.6833352569111628,0.68109165559715
2,8,0.6876188439990994,0.681411665257819
2,9,0.6899753845105945,0.6811949039971017
2,10,0.692787907569878,0.6807800990218572
2,11,0.6928635893205483,0.6808815360463711
2,12,0.6954500131497042,0.681730467334863
2,13,0.6958918053692418,0.6835816930322425
2,14,0.6956288112856628,0.6853604637121121
2,15,0.6985236382488,0.6865885762589059
2,16,0.6984905274828818,0.6884609346697259
2,17,0.6995538560797987,0.689839391377853
2,18,0.7007666561342896,0.6909624441492573
2,19,0.7015263117066424,0.6913663808718754
2,20,0.701948237466629,0.6928710300688322
2,21,0.7027788446802351,0.6940743871513103
2,22,0.7033019947817433,0.6940321217244293
2,23,0.7032632078845246,0.6952167612607173
2,24,0.7038752840430704,0.6954842410336917
2,25,0.7046198032652891,0.6959407076440043
2,26,0.7054210838005106,0.6960306726240791
2,27,0.7056878619716231,0.6960125588697016
2,28,0.7065109010101622,0.6957299843014129
2,29,0.7063103443708859,0.6963633619128126
2,30,0.7069347188139155,0.6962281125467938
2,31,0.706973505711134,0.6979622026325323
2,32,0.7073907013617038,0.6984826711749789
2,33,0.707105948774807,0.6988751358531579
2,34,0.7066490202051354,0.6987392826953266
2,35,0.7058969328078497,0.6986209395000603
2,36,0.7051117346446457,0.6986058447047458
2,37,0.7043170762626081,0.6991722014249487
2,38,0.7034098412764483,0.6992887332447772
2,39,0.7024694955243704,0.6994891921265549
2,40,0.702635995375845,0.6992682043231494
2,41,0.7027533020893839,0.6989910638811738
2,42,0.7027305975641829,0.6993720565149137
2,43,0.7026180209600609,0.6994620214949885
2,44,0.7029396684004093,0.6998901098901099
2,45,0.7031572534335864,0.6997029344282091
2,46,0.7030957620111666,0.699701726844584
2,47,0.7034221395609321,0.6995121362154328
2,48,0.703716352366663,0.6990472165197439
2,49,0.7038847442619042,0.6992072213500785
2,50,0.7046538600530908,0.6987839632894577
3,5,0.6709783190704767,0.6610825987199613
3,6,0.6743594012816705,0.6599033933099866
3,7,0.6766714787646467,0.663595580243932
3,8,0.679333584344473,0.6651074749426399
3,9,0.6805776031211154,0.6656315662359619
3,10,0.6807564012570739,0.667541359739162
3,11,0.6839321967195745,0.671607293805096
3,12,0.6871098842258418,0.6760276536650162
3,13,0.687830752900976,0.675065209515759
3,14,0.6892185670038918,0.6757982127762348
3,15,0.6882384883327121,0.6763210964859316
3,16,0.6882394343545953,0.6778740490278953
3,17,0.6888808371915258,0.6788008694602101
3,18,0.6880426618028528,0.6806291510687115
3,19,0.6887550162810367,0.684271827074025
3,20,0.6879130568048301,0.684396208187417
3,21,0.6885951385827457,0.6845791571066296
3,22,0.6876301962616999,0.6855373747131989
3,23,0.6885222948977254,0.6864841202753289
3,24,0.6881779429321758,0.6857348146359136
3,25,0.6885166187664252,0.6858676488346818
3,26,0.6890407148898169,0.6860807873445236
3,27,0.6895458905755408,0.6865988407197199
3,28,0.6893822287897163,0.6856804733727812
3,29,0.689296140798329,0.6846244414925734
3,30,0.6884674256284895,0.6842923559956527
3,31,0.6875961394738985,0.6836396570462505
3,32,0.686549839270882,0.683559352735177
3,33,0.6857608570201447,0.6831348870909311
3,34,0.6851809456056337,0.6837296220263254
3,35,0.6844572388648494,0.6837326409853883
3,36,0.6838186740935692,0.6839874411302983
3,37,0.6831290241405865,0.6841124260355028
3,38,0.6828858965165583,0.6834096123656562
3,39,0.6831242940311695,0.6836396570462505
3,40,0.6835339215066722,0.683687960391257
3,41,0.6834383732964511,0.6831397174254318
3,42,0.683528245375372,0.6837145272310107
3,43,0.683088345199601,0.6841015577828765
3,44,0.6833948562898157,0.6844203598599202
3,45,0.6832028138474899,0.683774906412269
3,46,0.6834033704867661,0.6838292476754014
3,47,0.683420398880667,0.6835400313971742
3,48,0.6837373162115986,0.6835804854486173
3,49,0.6837155577082809,0.683828643883589
3,50,0.683338094976813,0.6839089481946624
4,5,0.6937727163504747,0.6688461538461539
4,6,0.6977961474204821,0.6668053375196232
4,7,0.69915936495443,0.6696202149498852
4,8,0.7016975416675338,0.6716235961840358
4,9,0.7007278692370711,0.6744270015698588
4,10,0.7031629295648866,0.67614539306847
4,11,0.7050095642812408,0.679120879120879
4,12,0.7061211399942103,0.679574326772129
4,13,0.7065468498417306,0.6807432677212896
4,14,0.7049319904868037,0.6820800627943485
4,15,0.7042565308620719,0.6831686994324357
4,16,0.7043728915537274,0.683465161212414
4,17,0.7045602038866363,0.6840387634343679
4,18,0.7050001040624072,0.684577345731192
4,19,0.7049537489901216,0.6823463349836976
4,20,0.7051561976731646,0.6827526868735659
4,21,0.7051476834762143,0.6818554522400675
4,22,0.7053974332534261,0.6819236807148895
4,23,0.7061447905412948,0.6811085617679024
4,24,0.7069167443981313,0.6815221591595217
4,25,0.7068628211507788,0.6803743509238015
4,26,0.7075061160314761,0.6800283782151914
4,27,0.7069971562582185,0.6796818017147688
4,28,0.7062573671454166,0.6787392826953267
4,29,0.7051656578919983,0.6786915831421326
4,30,0.7053094532182718,0.6777689892525057
4,31,0.7040209714131106,0.6779428812945297
4,32,0.7036936478414619,0.6773632411544499
4,33,0.7030711654421989,0.677586040333293
4,34,0.7023313763293971,0.6772636155053738
4,35,0.7013702180958851,0.6771422533510446
4,36,0.7005292046415617,0.6774103369158313
4,37,0.7004100058842561,0.6783335345972709
4,38,0.7006285369393166,0.6791003501992513
4,39,0.7000713300500068,0.6791438232097572
4,40,0.700137551581843,0.6793358290061587
4,41,0.7003125656302681,0.6797965221591595
4,42,0.6998367166229288,0.6803689167974882
4,43,0.6999048301985322,0.6801732882502114
4,44,0.700659755661468,0.6803658978384254
4,45,0.7006275909174331,0.6802282333051565
4,46,0.7009312639419975,0.6803870305518657
4,47,0.7010220820428017,0.6804890713681921
4,48,0.700989917298767,0.6804419756068107
4,49,0.7016379422888809,0.6805530733003261
4,50,0.7020787884865352,0.6802807631928511
5,5,0.65720424044849,0.6693418669242844
5,6,0.6608019616709773,0.6734410095399105
5,7,0.6572212688423908,0.6776560801835526
5,8,0.6590726336681619,0.6784222919937206
5,9,0.6594302299400789,0.679865354425794
5,10,0.6603894961298246,0.6826331360946745
5,11,0.6620450344257363,0.6854661272793141
5,12,0.6604604477710778,0.6872630117135612
5,13,0.6624688522294898,0.6898442217123536
5,14,0.6622238325616948,0.6917842048061829
5,15,0.6625218294549589,0.6938962685665983
5,16,0.6641310126785852,0.6953622750875499
5,17,0.6653230002516418,0.6964792899408285
5,18,0.6671535525959785,0.6974852071005917
5,19,0.6675906147060994,0.6990900857384373
5,20,0.6689519401962806,0.6983902910276536
5,21,0.6702006890823399,0.6987109044801352
5,22,0.6721135453305305,0.699426397778046
5,23,0.6714097050492971,0.6993159038763436
5,24,0.6738447653771126,0.7000090568771887
5,25,0.6745003585422937,0.7002294408887815
5,26,0.6738476034427627,0.7001455138268325
5,27,0.673765299538909,0.6999299601497404
5,28,0.6743234524501021,0.6992102403091415
5,29,0.6740746486947735,0.6991637483395725
5,30,0.6738315210707453,0.6986915831421326
5,31,0.674192901430196,0.6987833594976451
5,32,0.6754936815198409,0.6978565390653303
5,33,0.6758446556385743,0.6979972225576621
5,34,0.6763753739151493,0.697596304794107
5,35,0.676592012926443,0.6972128969931166
5,36,0.6765040328912889,0.6965982369279071
5,37,0.6761057576783867,0.6966127279314092
5,38,0.6753934032002028,0.6956104335225213
5,39,0.6755201701325755,0.6950597753894456
5,40,0.6753224515589494,0.694811616954474
5,41,0.6748144378075753,0.6946153846153845
5,42,0.6745486056583461,0.6948110131626615
5,43,0.6743764296755713,0.6944106991909189
5,44,0.6747936253261412,0.6939832145876101
5,45,0.6747794349978902,0.6940224610554281
5,46,0.6744937363891101,0.6934053858229682
5,47,0.6742193900429303,0.6935792778649921
5,48,0.6739317993903835,0.6923662601135129
5,49,0.6733954049825079,0.6917316749184881
5,50,0.6729905076164221,0.69079942035986
6,5,0.6846483352852918,0.6647071609708972
6,6,0.6818727070794601,0.6634995773457312
6,7,0.6833674216551977,0.6646685182948919
6,8,0.6847656419988306,0.6650766815601981
6,9,0.6853625818072423,0.6665765004226543
6,10,0.6875772190362307,0.670406955681681
6,11,0.6857863996109959,0.672858350440768
6,12,0.6885544596417604,0.6755621301775148
6,13,0.6887616384342202,0.6759859920299481
6,14,0.6892961407983289,0.6758930080908102
6,15,0.6900993133773171,0.6765131022823331
6,16,0.690026469692297,0.6770848931288492
6,17,0.6896679273984965,0.6778668035261441
6,18,0.6884560733658892,0.6770861007124744
6,19,0.6896404927638785,0.6778009902185728
6,20,0.6883207922365661,0.677978505011472
6,21,0.6892772203606614,0.677912087912088
6,22,0.6879310312206142,0.677988769472286
6,23,0.6883094399739654,0.676914020045888
6,24,0.6866491715686368,0.6770534959545949
6,25,0.6870360945189384,0.6767570341746166
6,26,0.6862613025964517,0.6778988044922111
6,27,0.6855725986653525,0.6777170631566236
6,28,0.6845546791188375,0.6777218934911242
6,29,0.6837297480365316,0.6770969689651007
6,30,0.6829038709323424,0.6772370486656201
6,31,0.6826862858991655,0.6775419635309746
6,32,0.6814801079978582,0.6775872479169183
6,33,0.6814082103347215,0.6777532906653786
6,34,0.67962117499702,0.6776766091051806
6,35,0.680071481413508,0.677316749184881
6,36,0.6802408193306329,0.676923076923077
6,37,0.680096077982476,0.6775637000362276
6,38,0.6792900673378377,0.6767437507547397
6,39,0.6791264055520132,0.6767715251781186
6,40,0.6787621871269126,0.6765686511290906
6,41,0.6785200055247679,0.6763017751479289
6,42,0.6790478857356927,0.6756031880207706
6,43,0.6785124373497007,0.6754075594734936
6,44,0.6787158320546272,0.6760264460813912
6,45,0.6786836673105922,0.6755295254196353
6,46,0.6784036448331123,0.6751008332327014
6,47,0.6789438233285212,0.6757511170148534
6,48,0.6785985253410882,0.6749975848327497
6,49,0.6783194488854917,0.6753145755343557
6,50,0.6781255143993989,0.6755494505494505
7,5,0.6869717650308687,0.6813373988648713
7,6,0.688348226871184,0.6822080666586162
7,7,0.686444830841827,0.6851225697379544
7,8,0.690546781728155,0.6873765245743269
7,9,0.6935731057330818,0.6887423016543895
7,10,0.6938824548889465,0.6930896027049873
7,11,0.6946619769208501,0.6915583866682767
7,12,0.6933498445686045,0.6902590266875981
7,13,0.6927576348696097,0.6913977780461298
7,14,0.69283047855463,0.6908042506943605
7,15,0.6928408847953471,0.6905144306243207
7,16,0.6923640897661245,0.6918741697862577
7,17,0.6918295874020158,0.6908108924042992
7,18,0.6926072173901527,0.6909515758966308
7,19,0.6935305347483297,0.6913132471923681
7,20,0.6936714920089532,0.6913826832508151
7,21,0.6939742190116343,0.6919804371452722
7,22,0.6941151762722576,0.6933860644849656
7,23,0.6941416648849922,0.6924574326772129
7,24,0.6936279750023178,0.6933178360101437
7,25,0.6937169010593552,0.6922141045767419
7,26,0.6941019319658902,0.6916978625769834
7,27,0.6934226882536245,0.6918367346938775
7,28,0.6929525153775857,0.6916386909793504
7,29,0.6917898544829137,0.6916356720202874
7,30,0.6910027642759433,0.691970776476271
7,31,0.6911153408800652,0.6919490399710181
7,32,0.6905723243190062,0.6919236807148894
7,33,0.690844778621419,0.6916248037676609
7,34,0.690892079715588,0.6914358169303223
7,35,0.6913310338694755,0.6910143702451395
7,36,0.6908230201181015,0.6906810771645937
7,37,0.6901721570623371,0.690876101920058
7,38,0.6908504547527192,0.6900018113754377
7,39,0.6908949177812381,0.689472889747615
7,40,0.6908163979649178,0.6886843376403816
7,41,0.6909346507003401,0.6878927665740854
7,42,0.6914171218608629,0.6873952421205168
7,43,0.692030144041292,0.686917039004951
7,44,0.6921824535645157,0.6863657770800626
7,45,0.6929203506335508,0.6857517208066659
7,46,0.6930518476753404,0.6855609225938897
7,47,0.6928635893205481,0.6843708489312885
7,48,0.6927434445413592,0.6832791933341384
7,49,0.6927368223881754,0.6829446926699674
7,50,0.6926564105280884,0.6822225576621181
8,5,0.6509302233179257,0.693705470353822
8,6,0.6533681217113915,0.696578311798092
8,7,0.6550350122699038,0.698844342470716
8,8,0.657286544352344,0.6992519019442097
8,9,0.6579733562396765,0.6998804492211085
8,10,0.6659625110448053,0.7007221350078493
8,11,0.6680920063042899,0.701807148895061
8,12,0.6699253967142766,0.7026741939379302
8,13,0.673558120746449,0.7031143581693032
8,14,0.6757831642161545,0.7029942035985991
8,15,0.6770442113866979,0.7033800265668397
8,16,0.6791424879240308,0.7035321821036106
8,17,0.680851949467295,0.7041951455138267
8,18,0.6824488344064374,0.7049547156140564
8,19,0.6823599083494001,0.7043629996377249
8,20,0.6821820562353248,0.705397898804492
8,21,0.6825018116319068,0.7057964014007968
8,22,0.6831290241405864,0.7070064001932133
8,23,0.6819294683924628,0.7077913295495714
8,24,0.6822917947737966,0.7091275208308174
8,25,0.6808784380800297,0.7105367709213863
8,26,0.6812748212491653,0.7115058567805821
8,27,0.6806892337033541,0.7127418186209395
8,28,0.679643879522221,0.7133317232218331
8,29,0.6802408193306326,0.7137459244052651
8,30,0.6786883974200091,0.7137755102040818
8,31,0.6786940735513094,0.7142319768143944
8,32,0.6781482189246002,0.7143491124260355
8,33,0.678855843293367,0.7144855693756792
8,34,0.6785417640280854,0.7148822605965464
8,35,0.6792777690533538,0.7148110131626615
8,36,0.679485893867697,0.7142983939137785
8,37,0.6807251825349223,0.7137676609105181
8,38,0.6805747650554653,0.7134742180896027
8,39,0.6802218988929651,0.7126240792174859
8,40,0.680273930096551,0.712338485690134
8,41,0.6795085983928978,0.7118355271102523
8,42,0.6794225104015105,0.7117208066658616
8,43,0.6792342520467183,0.7113476633256853
8,44,0.6794981921521809,0.7108887815481222
8,45,0.6795530614214168,0.7105089964980074
8,46,0.6797063169665241,0.7098792416374834
8,47,0.6799210639340507,0.7092241275208309
8,48,0.6801121603544932,0.7093297910880327
8,49,0.6808547875329454,0.7084108199492815
8,50,0.6810023669467521,0.7081095278348025
9,5,0.6952749991012792,0.68887332447772
9,6,0.6939477303988997,0.6898587127158555
9,7,0.693498370004295,0.6928589542325807
9,8,0.6938890770421301,0.6982785895423258
9,9,0.6952021554162591,0.7005729984301413
9,10,0.695031871477251,0.6998206738316628
9,11,0.6954755557405554,0.7001907982127762
9,12,0.6921285303171634,0.700676246830093
9,13,0.6912477839437381,0.7007034174616592
9,14,0.6900595804582151,0.7005385822968241
9,15,0.6890776097432685,0.7007752686873567
9,16,0.6880350936277859,0.7018270740248763
9,17,0.6868014810918605,0.701869339451757
9,18,0.6868251316389451,0.7017509962564907
9,19,0.6871921881296957,0.7012383770076076
9,20,0.6867835066760765,0.7013687960391257
9,21,0.6868251316389451,0.7017848085979953
9,22,0.6879395454175645,0.7023904117860162
9,23,0.6892696521855943,0.7023004468059413
9,24,0.6900889071365999,0.7031385098418066
9,25,0.6907255798641133,0.7036903755585073
9,26,0.6923328710439731,0.7040804250694359
9,27,0.6927869615479946,0.704832145876102
9,28,0.6935570233610644,0.7045628547276899
9,29,0.6946506246582496,0.7049426397778046
9,30,0.6950195731927671,0.7044197560681077
9,31,0.6958662627783905,0.7045284385943725
9,32,0.695967487119912,0.7040061586764882
9,33,0.6960270864985649,0.7041414080425067
9,34,0.6960166802578478,0.7032846274604517
9,35,0.6957915270496037,0.7026186450911727
9,36,0.6956061067604615,0.702450187175462
9,37,0.6950706583744695,0.7028154812220747
9,38,0.6945285878352937,0.7026621181016786
9,39,0.6933649809187387,0.7029030310348992
9,40,0.6932230776362318,0.703116169544741
9,41,0.6927689871322104,0.7028341987682648
9,42,0.6922543512276527,0.7033214587610193
9,43,0.6915665933184366,0.7030310348991669
9,44,0.6914578008018482,0.7029193334138389
9,45,0.6910907443110975,0.7029205409974641
9,46,0.6909791137288588,0.7031578311798092
9,47,0.6902695973163251,0.7025045284385943
9,48,0.6901503985590194,0.7022672382562493
9,49,0.6896291405012781,0.7021664050235479
9,50,0.6890303086490996,0.7012275087549813
10,5,0.6715629605944046,0.6969333413838908
10,6,0.67610954176592,0.6964358169303222
10,7,0.6821309710536224,0.6970577224972829
10,8,0.6833059302327781,0.6979211447892767
10,9,0.6828679221007741,0.6980811496196111
10,10,0.6861477799704462,0.69778166888057
10,11,0.6858024819830133,0.6983281004709575
10,12,0.6874409918850243,0.6993527351769111
10,13,0.6896395467419953,0.7015517449583384
10,14,0.6877096620999036,0.7006859074990944
10,15,0.6870512308690725,0.7008911967153725
10,16,0.6872148926548969,0.7026735901461176
10,17,0.6861260214671284,0.7037320371935757
10,18,0.6861383197516125,0.7049529042386184
10,19,0.6846994204669942,0.7072267842048062
10,20,0.6847495596268133,0.7074562250935877
10,21,0.6853181187787235,0.7078408404782031
10,22,0.6875365400952455,0.7088389083444029
10,23,0.6873492277623366,0.7095544016423138
10,24,0.6879660340302991,0.7096751600048303
10,25,0.688033201584019,0.7107994203598599
10,26,0.6877881819162242,0.7111798092017872
10,27,0.687650062721251,0.7106442458640262
10,28,0.6869518985713178,0.7119900978142737
10,29,0.6866340352185026,0.7115976331360948
10,30,0.6862045412834489,0.7128613693998309
10,31,0.6855328657462505,0.7125220384011594
10,32,0.6848271334212502,0.7127768385460692
10,33,0.6839946341638774,0.7129779012196594
10,34,0.6831876774973559,0.7137851708730829
10,35,0.6828735982320743,0.7141136336191282
10,36,0.6831980837380731,0.7143316024634705
10,37,0.6834610778216521,0.7146799903393309
10,38,0.6828348113348559,0.7151437024513946
10,39,0.6830637486306333,0.7147204443907741
10,40,0.6827875102406868,0.7143267721289699
10,41,0.6831214559655193,0.7141764279676367
10,42,0.6826456069581801,0.7144052650646057
10,43,0.6819919058367658,0.7145097210481826
10,44,0.6822151670012431,0.7136927907257578
10,45,0.6816305254773153,0.7137839632894578
10,46,0.6815699800767792,0.7137187537736989
10,47,0.6807422109288231,0.7136668276778168
10,48,0.680666529178153,0.7134325564545344
10,49,0.6806069297995,0.714131143581693
10,50,0.6803779925037226,0.7133914986112788
11,5,0.6750802699568045,0.684433643279797
11,6,0.6744133245290231,0.6865692549209031
11,7,0.6773753190458801,0.6901545707040213
11,8,0.6780999718085478,0.6908314213259269
11,9,0.679123567486363,0.6920583262890955
11,10,0.6805198957862293,0.691298756188866
11,11,0.6817232356218863,0.6899788672865597
11,12,0.6815879544925632,0.6905494505494505
11,13,0.6812890115774158,0.6886016181620577
11,14,0.6783875624610949,0.6893110735418427
11,15,0.6793193940162224,0.6892863180775268
11,16,0.679113161245646,0.6891232942881295
11,17,0.6795984704718189,0.6886136939983094
11,18,0.6798255157238295,0.6864647989373264
11,19,0.6796032005812358,0.6862087912087912
11,20,0.6789258489127372,0.687541359739162
11,21,0.6795946863842856,0.6877327617437508
11,22,0.6801093222888431,0.6875105663567203
11,23,0.6799030895182667,0.6882616833715733
11,24,0.680701531987838,0.6886571670088154
11,25,0.6805094895455122,0.6894408887815482
11,26,0.6809815544653179,0.6894867769593045
11,27,0.6811499463605591,0.6897125950972105
11,28,0.6807119382285549,0.6898931288491728
11,29,0.6798501122927976,0.6895435333896872
11,30,0.6797999731329786,0.6890991426156261
11,31,0.6797829447390776,0.6890025359256128
11,32,0.6792824991627706,0.6888286438835889
11,33,0.6790053147509408,0.6888316628426518
11,34,0.6789835562476231,0.6890315179326169
11,35,0.6788719256653845,0.6895085134645573
11,36,0.6788066501554313,0.689342470716097
11,37,0.6785417640280854,0.6900495109286318
11,38,0.6784887868026164,0.6902753290665378
11,39,0.6775607393350224,0.6897735780702814
11,40,0.6768559530319055,0.6897210481825866
11,41,0.6758210050914897,0.6898611278831059
11,42,0.6753811049157189,0.6896208187416978
11,43,0.6755485507890768,0.6890641226904962
11,44,0.6753366418872001,0.6881089240429901
11,45,0.6754794911915902,0.6879779012196594
11,46,0.6755135479793919,0.6873270136456949
11,47,0.6759931810742645,0.6864158918005072
11,48,0.676522007307073,0.6860047095761381
11,49,0.6770167767520796,0.6855699794710783
11,50,0.6772400379165572,0.6852270257215313
12,5,0.6703927315246655,0.681243811133921
12,6,0.6714825487343172,0.6817999033933101
12,7,0.67512378696344,0.6853405385822967
12,8,0.6765409277447406,0.6880515638207947
12,9,0.6783203949073748,0.6920643642072214
12,10,0.6817894571537227,0.6922907861369401
12,11,0.6836266316512433,0.6956025842289578
12,12,0.6864514529950106,0.6952535925612849
12,13,0.688878945147759,0.6954305035623717
12,14,0.6889584109859629,0.6953658978384252
12,15,0.690822074096218,0.6942120516845792
12,16,0.692705603666024,0.694639536287888
12,17,0.6946317042205821,0.6952837821519141
12,18,0.696150069343404,0.6961429779012197
12,19,0.697968323403257,0.6958320251177394
12,20,0.6982294254430693,0.6978064243448858
12,21,0.6985766154742692,0.697697741818621
12,22,0.6988216351420642,0.6986988286438836
12,23,0.7000306511090214,0.69950911725637
12,24,0.701087357552755,0.7002221953870305
12,25,0.7006058324141153,0.7001618162057722
12,26,0.7004355484751073,0.7005723946383289
12,27,0.6999322648331501,0.7006007728535201
12,28,0.6998452308198794,0.7010457674193938
12,29,0.6995406117734314,0.7022726723825623
12,30,0.699411952797292,0.7022545586281849
12,31,0.6989550242276202,0.703602825745683
12,32,0.6985482348177677,0.7045459485569375
12,33,0.6979162921996712,0.7050138872116894
12,34,0.6979844057752743,0.7056581330757155
12,35,0.6980099483661255,0.705564545344765
12,36,0.6979739995345571,0.7047095761381476
12,37,0.6974726079363669,0.7046993116773338
12,38,0.6976665424224593,0.7041420118343196
12,39,0.6985652632116686,0.7040695568168096
12,40,0.6980279227819097,0.7041903151793261
12,41,0.6982294254430693,0.7032737592078253
12,42,0.6984025474477276,0.7033353459727085
12,43,0.6991622030200804,0.7026289095519864
12,44,0.6992170722893161,0.7028028015940103
12,45,0.6993845181626741,0.7030074870184762
12,46,0.6995964270645508,0.7038594372660307
12,47,0.6995339896202479,0.7040774061103731
12,48,0.6993041063025869,0.7044155295254195
12,49,0.6992028819610655,0.7050591715976332
12,50,0.6990770610505762,0.7050217365052528
13,5,0.6880587441748702,0.676611520347784
13,6,0.6931114470539933,0.6809370848931289
13,7,0.6916044341937718,0.6834210844100953
13,8,0.693195643001614,0.6833160246347061
13,9,0.6948776699102602,0.6841891075957011
13,10,0.695272161035629,0.6831819828523125
13,11,0.6953024337358971,0.6857933824417342
13,12,0.6939827332085846,0.6853544257939862
13,13,0.6961547994528211,0.684872599927545
13,14,0.696740386998632,0.6871784808597996
13,15,0.6966505149197111,0.6859189711387513
13,16,0.6954292006682699,0.6862516604274846
13,17,0.6969135090032903,0.6866085013887211
13,18,0.6988528538642157,0.686374230165439
13,19,0.7003759490964544,0.6863512860765608
13,20,0.7017334904991022,0.6885201062673592
13,21,0.7032915885410261,0.6897959183673469
13,22,0.7035252559462206,0.6898460330877912
13,23,0.7041401701704163,0.691978021978022
13,24,0.7050436210690425,0.6934355754135975
13,25,0.7050701096817772,0.6939439681197922
13,26,0.7051921465047329,0.6938624562250936
13,27,0.7061854694822799,0.6938715131022823
13,28,0.7073102895016167,0.6935732399468664
13,29,0.7079791269731651,0.6938117377128364
13,30,0.7078372236906583,0.692810650887574
13,31,0.7092382820999416,0.6928480859799541
13,32,0.7107519171133466,0.692752686873566
13,33,0.7113043938932394,0.6925781910397295
13,34,0.7121964925292652,0.6930310348991668
13,35,0.7131945456162293,0.6932973070885158
13,36,0.7138614910440109,0.6933136094674556
13,37,0.7137782411182736,0.6935629754860524
13,38,0.7147545357019199,0.6930714889506098
13,39,0.7158878699182071,0.693505615263857
13,40,0.7158736795899563,0.6926603067262407
13,41,0.7164166961510154,0.6918180171476875
13,42,0.7166219828997084,0.6915040454051443
13,43,0.7172028403361027,0.6911345248158435
13,44,0.7168774088082205,0.6910524091293322
13,45,0.7164848097266187,0.6910632773819586
13,46,0.7168215935171012,0.6907794952300446
13,47,0.716993769499876,0.6907348146359135
13,48,0.7164800796172016,0.6906249245260233
13,49,0.716643741403026,0.6906659823692791
13,50,0.7164479148731668,0.6903151793261683
14,5,0.6567577181195355,0.70081813790605
14,6,0.6587065231992947,0.6997729742784687
14,7,0.6606439760164533,0.6988540031397175
14,8,0.6637185471374324,0.7021567443545464
14,9,0.6659227781257036,0.704774181862094
14,10,0.6651792049253685,0.7063271344040575
14,11,0.6663361896887399,0.7082369279072575
14,12,0.6659426445852545,0.707698949402246
14,13,0.6660372467735923,0.7068729622026324
14,14,0.6666389166914208,0.7056840961236567
14,15,0.668079708019806,0.7057432677212897
14,16,0.6700474335372326,0.704824900374351
14,17,0.6714428158152155,0.7042452602342713
14,18,0.6726016926223538,0.7037368675280764
14,19,0.6747359179912549,0.7043098659582175
14,20,0.6767906775219523,0.7031868131868132
14,21,0.6778833327972542,0.7036348267117498
14,22,0.6789977465758738,0.7055132230406955
14,23,0.6799825553564706,0.7072195387030552
14,24,0.6799125497371006,0.708457915710663
14,25,0.6814592955164238,0.7096733486293926
14,26,0.6821650278414241,0.7101195507788914
14,27,0.6835906828196748,0.7095851950247556
14,28,0.6842197873721215,0.7100344161333173
14,29,0.684496025762068,0.7087151310228234
14,30,0.6848479459026844,0.7089463832870426
14,31,0.684381557114179,0.70820009660669
14,32,0.6849255196971216,0.7084078009902185
14,33,0.6853360931945078,0.707568530370728
14,34,0.6859084364339516,0.7078281608501389
14,35,0.6864665893451448,0.7077629513343798
14,36,0.6867608021508753,0.707061949039971
14,37,0.6867589101071087,0.7065825383407801
14,38,0.6870606910879062,0.706446685182949
14,39,0.6869433843743674,0.7056206979833354
14,40,0.6868960832801985,0.7058392706194903
14,41,0.6873113868870014,0.7052366863905326
14,42,0.6870833956131073,0.7049933582900616
14,43,0.6875923553863648,0.7051907982127762
14,44,0.6873274692590189,0.7049281487743027
14,45,0.6869358161993004,0.7054462021494988
14,46,0.6868014810918605,0.7058507426639294
14,47,0.6866274130653189,0.7054703538220021
14,48,0.686545109161465,0.705393672261804
14,49,0.6861184532920616,0.7048810530129211
14,50,0.6860531777821084,0.7049390170269291
15,5,0.678367696001544,0.678226059654631
15,6,0.6812208980018125,0.678905325443787
15,7,0.6871496171449437,0.6804884675763797
15,8,0.6891069364216534,0.6781656804733728
15,9,0.6902241882659229,0.6775389445719115
15,10,0.6935617534704812,0.6793974157710421
15,11,0.6947026558618353,0.6806303586523366
15,12,0.6970194634542286,0.6803133679507305
15,13,0.6976012669125065,0.6806080183552712
15,14,0.6973401648726939,0.6804528438594373
15,15,0.6977346559980626,0.6802741214829126
15,16,0.6968236369243693,0.6807203236324115
15,17,0.6980175165411927,0.6812456225093587
15,18,0.6991423365605293,0.6805470353822003
15,19,0.6995112850950468,0.6794777200821157
15,20,0.6996456202024866,0.6793702451394757
15,21,0.7001678242821113,0.6802801594010385
15,22,0.7019529675760462,0.6809853882381354
15,23,0.701537663969243,0.6810361067503925
15,24,0.7013806243366021,0.6818850380388841
15,25,0.7011999341568769,0.6821440647264824
15,26,0.7010249201084519,0.6824018838304554
15,27,0.7017297064115687,0.6826307209274243
15,28,0.6999540233364677,0.6830551865716701
15,29,0.7002576963610322,0.6839910638811738
15,30,0.6987960925512129,0.6845906291510687
15,31,0.6987459533913938,0.6847965221591595
15,32,0.6987204108005426,0.6850416616350682
15,33,0.6986201324809046,0.6851998550899651
15,34,0.6990846292256432,0.685440164231373
15,35,0.6991905836765816,0.6856297548605241
15,36,0.6992350467051004,0.685812099987924
15,37,0.6993845181626742,0.6849933582900617
15,38,0.6985747234305023,0.6857245501750995
15,39,0.6990997655757772,0.6855029585798817
15,40,0.6988604220392827,0.6852409129332206
15,41,0.698496203614182,0.6856406231131505
15,42,0.6987535215664609,0.6854407680231857
15,43,0.6982615901871042,0.6853278589542326
15,44,0.6982180731804687,0.6853157831179808
15,45,0.698488635439115,0.685305518657167
15,46,0.6991830155015145,0.6851805337519623
15,47,0.69971940990939,0.6852487622267842
15,48,0.700620022742366,0.6853375196232339
15,49,0.7006881363179693,0.685374954715614
15,50,0.7013380533518502,0.6856569254920903
16,5,0.6906101651943412,0.6984699915469145
16,6,0.6902554069880743,0.7015251781185847
16,7,0.6899318675039591,0.7022273879966188
16,8,0.6896953620331145,0.703687960391257
16,9,0.6897350949522164,0.7034893128849171
16,10,0.6914928036115332,0.7036776959304432
16,11,0.6927642570227933,0.7032520227025723
16,12,0.6939685428803338,0.7031898321458762
16,13,0.6942930283863328,0.7040278951817412
16,14,0.6938266395978273,0.7053477840840479
16,15,0.6932628105553338,0.7050670208911967
16,16,0.6940640910905551,0.7060240309141408
16,17,0.6948407750568086,0.7063850984180655
16,18,0.6959542428135447,0.7057106629634101
16,19,0.6957508481086185,0.7045000603791811
16,20,0.695199317350609,0.7049372056514914
16,21,0.6944812867411249,0.704865354425794
16,22,0.6960460069362325,0.704400434730105
16,23,0.6961642596716549,0.7044457191160488
16,24,0.6966315944820435,0.7050869460210119
16,25,0.6974007102732301,0.7042778649921506
16,26,0.6974744999801336,0.7043255645453448
16,27,0.6973940881200463,0.7048085979954112
16,28,0.6964792849588195,0.7052372901823453
16,29,0.696367654376581,0.7052880086946021
16,30,0.696095200074168,0.7046685182948919
16,31,0.6957111151895166,0.7046811979229562
16,32,0.6951709366941077,0.7045060982973073
16,33,0.6944179032749386,0.7041818620939501
16,34,0.6940886876595229,0.7043750754739766
16,35,0.6929165665460173,0.7042500905687719
16,36,0.6920556866321433,0.7041377852916314
16,37,0.6920225758662248,0.7044167371090447
16,38,0.6907728809582824,0.7039324960753532
16,39,0.6899470038540931,0.7034947470112306
16,40,0.689653737070246,0.7029006158676488
16,41,0.6886244652611304,0.7025594734935393
16,42,0.6882498405953127,0.7025286801110977
16,43,0.6878572415137106,0.7022859558024392
16,44,0.6880265794308353,0.7019762106025843
16,45,0.6882280820919949,0.7016767298635429
16,46,0.689026524561566,0.7015541601255886
16,47,0.688998143905065,0.7015209515758967
16,48,0.6894711548467539,0.7013899287525661
16,49,0.6897464472148169,0.7017431469629272
16,50,0.6893226294110637,0.7014587610192007
17,5,0.7000249749777212,0.6692706194903998
17,6,0.7024155722770179,0.6722841444270016
17,7,0.7037825738984994,0.6761013162661514
17,8,0.7067682189624411,0.6785780702813671
17,9,0.7087056717795996,0.6804323149378093
17,10,0.7071068947966905,0.6822424827919334
17,11,0.7078580361720926,0.6834247071609709
17,12,0.70702837498037,0.6851998550899651
17,13,0.7050975443163952,0.6856762468300931
17,14,0.7061797933509797,0.685473372781065
17,15,0.7058940947421997,0.6858748943364329
17,16,0.7044183006041296,0.6861466006520951
17,17,0.7044873602016162,0.6857142857142857
17,18,0.7034978213116025,0.685003018959063
17,19,0.7039093408308721,0.685101437024514
17,20,0.70386393178047,0.6853248399951697
17,21,0.7037655455045986,0.686568047337278
17,22,0.7024846318745044,0.687228595580244
17,23,0.7028866911749402,0.687716459364811
17,24,0.7018101182716558,0.6885412389807994
17,25,0.701773223418204,0.6898985629754859
17,26,0.7019643198386466,0.6909618403574447
17,27,0.7023162399792632,0.6919840598961479
17,28,0.7021629844341559,0.6931916435213138
17,29,0.7012623716011799,0.6931083202511774
17,30,0.7014468458684388,0.6930304311073541
17,31,0.7010391104367026,0.6936662238860041
17,32,0.7006588096395846,0.6935835044076802
17,33,0.7003702729651543,0.6934241033691584
17,34,0.700119577166059,0.6931874169786258
17,35,0.699982403992969,0.6934868977176671
17,36,0.6996844070997049,0.6937906049993963
17,37,0.6992199103549663,0.6935261441854849
17,38,0.6983240276314072,0.6934090085738438
17,39,0.6977639826764472,0.6938854003139718
17,40,0.6971282559708171,0.6939029102765367
17,41,0.6964641486086857,0.6933492331843979
17,42,0.6955124505940072,0.6932465885762589
17,43,0.6952522945760781,0.6930328462746045
17,44,0.6950006527550994,0.6929869580968482
17,45,0.6947490109341209,0.692432677212897
17,46,0.6946383263737658,0.6921126675522281
17,47,0.6943904686403206,0.6924061103731434
17,48,0.6940234121495698,0.6918313005675644
17,49,0.6933072735838526,0.6919659461417703
17,50,0.6930357653033229,0.6913724187900011
18,5,0.6720747584333122,0.7075045284385945
18,6,0.6704267883124672,0.7073306363965705
18,7,0.6722866673351888,0.7075401521555367
18,8,0.6717152701176283,0.7081807752686876
18,9,0.6736319104533526,0.7078661997343315
18,10,0.673685833700705,0.7079640140079699
18,11,0.6740122112504706,0.706167129573723
18,12,0.6767310781432996,0.7065342349957734
18,13,0.6780819973927636,0.7047765970293441
18,14,0.6808405972046945,0.7041444270015699
18,15,0.6815718721205458,0.7041728052167613
18,16,0.6835093249377043,0.7024803767660911
18,17,0.6847296931672624,0.7015982369279071
18,18,0.6863994217914248,0.7008229682405506
18,19,0.6882621388797966,0.6996968965100833
18,20,0.690254460966191,0.7000199251298153
18,21,0.6911427755146831,0.7005760173892042
18,22,0.6905893527129069,0.7017208066658617
18,23,0.690239324616057,0.7030521676126071
18,24,0.6901787792155207,0.7029187296220264
18,25,0.6897369869959831,0.7026270981765486
18,26,0.6890643654369014,0.7027514792899409
18,27,0.6892195130257753,0.7034186692428451
18,28,0.6874996452417937,0.702974278468784
18,29,0.6868960832801982,0.7029036348267119
18,30,0.686239544093134,0.7024797729742785
18,31,0.6855990872780868,0.7027478565390652
18,32,0.6845575171844874,0.7029211447892767
18,33,0.6846729318542596,0.7028637845670813
18,34,0.6838366485093532,0.7022056514913658
18,35,0.6839284126320411,0.7010916555971499
18,36,0.6841705942341859,0.700487863784567
18,37,0.6845754916002716,0.6997270861007124
18,38,0.6843985855080799,0.6990912933220625
18,39,0.685186621736934,0.6980588093225457
18,40,0.6855953031905534,0.6974242241275208
18,41,0.6853710960041928,0.697080666586161
18,42,0.6863890155507077,0.6969725878517088
18,43,0.686394691682008,0.69632773819587
18,44,0.6860929107012103,0.696287284144427
18,45,0.6858545131865991,0.6960336915831421
18,46,0.6864959160235294,0.6958924042989978
18,47,0.6868941912364316,0.6956490761985268
18,48,0.6867872907636099,0.6954588817775631
18,49,0.6873180090401851,0.6952892162782273
18,50,0.6873066567775846,0.6954619007366261
19,5,0.6890605813493678,0.6856406231131507
19,6,0.6895061576564389,0.6877333655355632
19,7,0.6916772778787917,0.6929114841202754
19,8,0.6923461153503402,0.694076198526748
19,9,0.6929496773119356,0.696004709576138
19,10,0.6914161758389794,0.6981385098418065
19,11,0.6903954182268145,0.7016869943243569
19,12,0.6873038187119345,0.7037133196473857
19,13,0.6848999771062704,0.7057239463832872
19,14,0.6867068789035227,0.7081837942277502
19,15,0.6876585769182013,0.7099341866924284
19,16,0.687082449591224,0.7106412269049631
19,17,0.6873955828346222,0.7101974399227147
19,18,0.6873444976529197,0.7103846153846155
19,19,0.6872432733113982,0.7108543654148048
19,20,0.6881486162537914,0.7111290906895302
19,21,0.6889432746358289,0.7113114358169303
19,22,0.6886462237644482,0.7109648593165077
19,23,0.6905411055968547,0.710615263857022
19,24,0.6909251904815062,0.7097832387392825
19,25,0.6904105545769487,0.7093177152517812
19,26,0.6899697083792943,0.7085545224006763
19,27,0.6883179541709159,0.7069520589300808
19,28,0.6886944708805004,0.7062649438473614
19,29,0.6892847885357285,0.704731916435213
19,30,0.688105099247156,0.7039421567443547
19,31,0.6892166749601252,0.7033999516966549
19,32,0.689286680579495,0.7023982610795798
19,33,0.6894134475118678,0.7027146479893733
19,34,0.6898684840377728,0.7024996981040936
19,35,0.6905685402314726,0.7028088395121362
19,36,0.6908996478906549,0.7030298273155416
19,37,0.6903783898329138,0.703050960028982
19,38,0.6910339829980947,0.7040375558507427
19,39,0.6909677614662582,0.7045145513826833
19,40,0.6898495636001052,0.704388962685666
19,41,0.6899999810795624,0.7049039971017993
19,42,0.6900349838892473,0.7049643762830576
19,43,0.6900993133773171,0.7052680835647869
19,44,0.6894276378401186,0.7052535925612848
19,45,0.6894295298838853,0.7053109527834802
19,46,0.6893160072578799,0.7050718512256974
19,47,0.6885695959918946,0.7048484482550417
19,48,0.6882498405953127,0.7051557782876465
19,49,0.6883037638426652,0.7049993962081873
19,50,0.6883245763240996,0.7052276295133437
20,5,0.684511162112202,0.6772744837580001
20,6,0.6858677574929664,0.6772376524574327
20,7,0.6902837876445759,0.6792869218693394
20,8,0.692530589617599,0.6832381354908827
20,9,0.6944964230912588,0.6868971138751359
20,10,0.6962276431378411,0.6888896268566598
20,11,0.695094308921554,0.6904462021494988
20,12,0.6919450020717879,0.6947119913053978
20,13,0.6917084966009432,0.69640019321338
20,14,0.6908504547527193,0.6957903634826711
20,15,0.6880767185906544,0.6966519743992271
20,16,0.6874258555348902,0.6972231614539307
20,17,0.6863123877781542,0.6971706315662358
20,18,0.6855584083371017,0.6965245743267722
20,19,0.6849851190757745,0.6967002777442338
20,20,0.6860342573444409,0.696836130902065
20,21,0.6858337007051648,0.6964491003501992
20,22,0.6863776632881072,0.696450911725637
20,23,0.6860096607754731,0.6974592440526508
20,24,0.6860683141322426,0.6967999033933101
20,25,0.6856747690287571,0.6961278831059051
20,26,0.6855659765121687,0.6957028136698467
20,27,0.6849766048788241,0.6952227991788432
20,28,0.6857353144292935,0.6946063277381959
20,29,0.6851856757150507,0.6943648110131627
20,30,0.686499700111063,0.6933830455259026
20,31,0.6868185094857614,0.6924103369158314
20,32,0.687610329802149,0.6921730467334863
20,33,0.6872347591144478,0.6913651732882502
20,34,0.6878156165508419,0.6915094795314576
20,35,0.6881892951947765,0.6913470595338729
20,36,0.6883567410681344,0.6904335225214345
20,37,0.688355795046251,0.6901274000724551
20,38,0.6883605251556679,0.6893267721289699
20,39,0.6881183435535232,0.689131143581693
20,40,0.687967926074066,0.6886034295374953
20,41,0.6886736583990661,0.6875232459847844
20,42,0.6887370418652524,0.6869677575172081
20,43,0.688527971029026,0.6865390653302742
20,44,0.6888146156596895,0.6868397536529405
20,45,0.6885185108101921,0.6860699190918973
20,46,0.6875999235614318,0.6860342953749548
20,47,0.6872461113770484,0.6862740007245502
20,48,0.6865630835772493,0.6860403332930802
20,49,0.6867097169691729,0.6862069798333534
20,50,0.6867759385010094,0.6860324839995169
21,5,0.6692839938773463,0.681087429054462
21,6,0.6740519441695727,0.6884500664170993
21,7,0.6760035873149818,0.689924526023427
21,8,0.6774907337156523,0.6916688805699795
21,9,0.6780848354584138,0.6930980557903635
21,10,0.6794925160208805,0.6940568771887454
21,11,0.6817449941252042,0.6949341866924283
21,12,0.6824942434568396,0.6946661031276417
21,13,0.6834894584781536,0.6947156140562734
21,14,0.6842850628820746,0.6964847240671417
21,15,0.6832661973136763,0.6970088153604638
21,16,0.6846719858323763,0.6987175461900736
21,17,0.6859074904120683,0.6992621664050236
21,18,0.6869547366369678,0.7000404540514431
21,19,0.6877550711503058,0.6999541118222438
21,20,0.6902317564409901,0.7007028136698467
21,21,0.6901797252374041,0.7002089119671536
21,22,0.6913821190511779,0.7016906170752325
21,23,0.6911456135803332,0.7018771887453206
21,24,0.6926497883749045,0.7022147083685545
21,25,0.6917510675856955,0.7016646540272915
21,26,0.6925277515519489,0.701578311798092
21,27,0.6931114470539933,0.7024260355029587
21,28,0.6939013753266141,0.7022509358773096
21,29,0.6943904686403207,0.7021700277744235
21,30,0.6949826783393154,0.7024604516362757
21,31,0.6949921385581491,0.7029615988407197
21,32,0.6953837916178676,0.7034132351165318
21,33,0.6950867407464869,0.7036855452240066
21,34,0.6949864624268488,0.7040550658133078
21,35,0.6940858495938729,0.7043436782997223
21,36,0.692658302571855,0.7043714527231012
21,37,0.6917009284258764,0.7044384736142978
21,38,0.6912023748933361,0.7041214829126917
21,39,0.6907728809582823,0.7037465281970776
21,40,0.691024522779261,0.7033214587610193
21,41,0.6898296971405542,0.7030256007728535
21,42,0.6890539591961842,0.7023590146117618
21,43,0.6883075479301987,0.7022086704504287
21,44,0.687245165355165,0.7018469991546915
21,45,0.6864259104041595,0.701876584953508
21,46,0.6859774960314381,0.7019653423499577
21,47,0.6860323653006741,0.7020408163265307
21,48,0.6857532888450775,0.7023028619731917
21,49,0.686224407743,0.7020607414563458
21,50,0.6863861774850575,0.7019659461417703
22,5,0.672607368753654,0.657066175582659
22,6,0.6742222281085807,0.6588503803888418
22,7,0.6784168891394797,0.6633727810650887
22,8,0.6815709260986627,0.6653308779132955
22,9,0.6843919633548962,0.6680322424827919
22,10,0.6869064895209156,0.6693485086342229
22,11,0.6889243541981613,0.6706231131505856
22,12,0.6911361533614996,0.671065692549209
22,13,0.6920992036387785,0.6693732640985388
22,14,0.6929071063271836,0.6688515879724671
22,15,0.6939174576986313,0.6697276898925252
22,16,0.6948578034507095,0.6703061224489797
22,17,0.6955162346815406,0.6702566115203478
22,18,0.6959239701132767,0.6700525298876947
22,19,0.6958974815005419,0.6709201787223764
22,20,0.6961708818248383,0.6713156623596183
22,21,0.6966249723288599,0.6719291148412029
22,22,0.696755523348766,0.6725214346093467
22,23,0.6970497361544967,0.6732127762347543
22,24,0.69662781039451,0.6733854606931531
22,25,0.6950451157836183,0.6739204202391015
22,26,0.6944103350998714,0.6742851104939017
22,27,0.6932278077456488,0.6753212172442941
22,28,0.692492748742264,0.6763325685303706
22,29,0.6915921359092879,0.6754148049752445
22,30,0.6908381564682354,0.6763168699432436
22,31,0.6910037102978266,0.6759044801352494
22,32,0.6909649234006081,0.6758120999879241
22,33,0.6908381564682353,0.6754854486173166
22,34,0.6909507330723574,0.6755983576862699
22,35,0.6914436104735974,0.6752179688443424
22,36,0.6912231873747704,0.67514491003502
22,37,0.6905581339907554,0.6752234029706555
22,38,0.6909185683283224,0.674675763796643
22,39,0.6908759973435706,0.6744656442458641
22,40,0.6909232984377394,0.6747174254317111
22,41,0.6914086076639124,0.6746552348750151
22,42,0.6919573003562718,0.6741643521313851
22,43,0.6922893540373376,0.6735406351889868
22,44,0.6923215187813725,0.6730938292476754
22,45,0.6921635331268483,0.6728432556454536
22,46,0.6918560760147504,0.6723813549088273
22,47,0.691820127183182,0.6724604516362758
22,48,0.6916564653973576,0.6718584711991306
22,49,0.6911966987620357,0.6720076077768385
22,50,0.6907170656671631,0.6715940103852192
23,5,0.6858138342456137,0.6794855693756792
23,6,0.6856076014750372,0.679858108924043
23,7,0.6900349838892473,0.6822159159521797
23,8,0.6922515131620025,0.6835732399468664
23,9,0.692360305678591,0.6856659823692792
23,10,0.6915372666400519,0.6889880449221109
23,11,0.6907577446081483,0.6905868856418307
23,12,0.6907445003017809,0.6951974399227145
23,13,0.6896754955735636,0.6972207462866805
23,14,0.688013335124468,0.6980473372781066
23,15,0.6871231285322092,0.6995550054341263
23,16,0.6878875142139788,0.700156382079459
23,17,0.688580948254495,0.7006508875739644
23,18,0.6885194568320755,0.7014207221350078
23,19,0.6886093289109964,0.7015143098659582
23,20,0.6896130581292604,0.7012607173046734
23,21,0.6898344272499709,0.701007728535201
23,22,0.6894342599933021,0.7009407076440042
23,23,0.6892157289382419,0.7015312160367104
23,24,0.6888571866444414,0.7015408767057119
23,25,0.6884456671251719,0.7016405023547879
23,26,0.6871411029479934,0.7018614901581934
23,27,0.6866813363126717,0.7023475425673227
23,28,0.685961413659421,0.7017371090448014
23,29,0.6858251865082142,0.7010210119550778
23,30,0.6854590760393471,0.70076440043473
23,31,0.6855347577900173,0.7001956285472768
23,32,0.6853682579385426,0.6990429899770558
23,33,0.684926465719005,0.6979700519260958
23,34,0.6843843951798293,0.6969097935031999
23,35,0.6838953018661228,0.6957897596908585
23,36,0.6832198422413907,0.6951696654993357
23,37,0.6829180612605932,0.6950259630479411
23,38,0.6828111607877714,0.6939681197922956
23,39,0.681974877442865,0.6929452964617799
23,40,0.6813580711749023,0.6923529766936359
23,41,0.6804811088890108,0.6917564303828039
23,42,0.6803893447663232,0.6914152880086946
23,43,0.6800005297722547,0.6909437266030674
23,44,0.6797072629884074,0.6907595701002294
23,45,0.6792153316090508,0.6904123898079941
23,46,0.6787659712144462,0.6900760777683854
23,47,0.6784339175333804,0.6903459727086101
23,48,0.6777461596241645,0.6904172201424947
23,49,0.6780905115897141,0.690396691220867
23,50,0.6778029209371671,0.6902167612607173
24,5,0.7100934858825154,0.653792416374834
24,6,0.7135265992972949,0.6550996256490762
24,7,0.7139267665539639,0.6573294288129453
24,8,0.7173750163188775,0.6607957976089844
24,9,0.7202017297064116,0.6630105059775389
24,10,0.7174298855881135,0.6658120999879242
24,11,0.7185452453886164,0.664985508996498
24,12,0.7190892079715588,0.6662444149257336
24,13,0.7197845340558416,0.6669043593768869
24,14,0.7218080748643878,0.6689192126554765
24,15,0.7222782477404267,0.6694402849897355
24,16,0.7230199288969952,0.6695544016423137
24,17,0.723579973851955,0.6699293563579277
24,18,0.724334899314891,0.6693895664774786
24,19,0.7256716282361044,0.669956526989494
24,20,0.726726442636071,0.6696461779978263
24,21,0.728104796520153,0.6690961236565633
24,22,0.7282476458245433,0.669010989010989
24,23,0.7298000677351667,0.6708223644487381
24,24,0.7290460882941145,0.6704969206617559
24,25,0.7290082474187793,0.6703224248279194
24,26,0.728311975312613,0.6706997947107837
24,27,0.7273082460943486,0.6704003139717425
24,28,0.7255420232380815,0.6702384977659702
24,29,0.725503236340863,0.6701853640864629
24,30,0.724672629127257,0.6688998913174737
24,31,0.7246489785801726,0.669284506702089
24,32,0.7241466409600987,0.6691492573360704
24,33,0.722971681780943,0.6697572756913417
24,34,0.72284207678292,0.6701430986595821
24,35,0.7226623326250782,0.6705935273517691
24,36,0.7224362333949508,0.6709286318077528
24,37,0.7224135288697499,0.6711007124743389
24,38,0.7226935513472297,0.6715137060741456
24,39,0.7226982814566466,0.6716380871875378
24,40,0.7222782477404267,0.672102403091414
24,41,0.7219178134028597,0.6728794831542084
24,42,0.7213880411481679,0.6726307209274242
24,43,0.7211941066620754,0.6730938292476754
24,44,0.7208762433092601,0.6733939137785292
24,45,0.7210824760798367,0.673734452360826
24,46,0.7209547631255806,0.6740508392706195
24,47,0.7211600498742737,0.6737398864871392
24,48,0.720687984954468,0.6736831300567563
24,49,0.7206624423636168,0.6738425310952784
24,50,0.7205054027309761,0.673399951696655
25,5,0.6799730951376367,0.6847753894457191
25,6,0.6788369228556995,0.6892778649921506
25,7,0.6820817779156867,0.6934102161574688
25,8,0.6824781610848222,0.6951014370245138
25,9,0.6844392644490652,0.6959268204323148
25,10,0.6846322529132743,0.6956840961236567
25,11,0.688250786617196,0.6964641951455137
25,12,0.689233703354026,0.6969436058447047
25,13,0.6896953620331144,0.6963814756671899
25,14,0.6905117789184699,0.6976820432314939
25,15,0.689824021009254,0.6988642676005313
25,16,0.6895837314508758,0.698996498007487
25,17,0.6897653676524845,0.700334500664171
25,18,0.6899640322479939,0.7010095399106387
25,19,0.6900557963706816,0.7028927665740853
25,20,0.6897161745145489,0.7048550899649801
25,21,0.687430585644307,0.7067383166284265
25,22,0.6858639734054327,0.7080636396570462
25,23,0.6853938005293938,0.7091565028378215
25,24,0.6847372613423294,0.7088419273034657
25,25,0.6840949124835155,0.7085424465644246
25,26,0.6841327533588507,0.7076277019683612
25,27,0.6842169493064714,0.7067727327617437
25,28,0.6826635813739643,0.7053514068349234
25,29,0.6824024793341519,0.7036161091655596
25,30,0.6817147214249359,0.7033105905083927
25,31,0.6816664743088836,0.7030515638207946
25,32,0.6808983045395806,0.7031904359376886
25,33,0.6806882876814705,0.7031216036710541
25,34,0.6799986377284879,0.7036312039608743
25,35,0.6792276298935347,0.7032973070885159
25,36,0.678658124719741,0.7030412993599808
25,37,0.6785881191003711,0.7018639053254438
25,38,0.677530466634754,0.7016924284506701
25,39,0.6769836659861616,0.7013066054824296
25,40,0.6764879505192714,0.7007656080183552
25,41,0.6758162749820728,0.7000054341263132
25,42,0.6757614057128368,0.699472889747615
25,43,0.6751124347008396,0.6991287284144427
25,44,0.6753669145874681,0.6985074266392948
25,45,0.6755400365921264,0.6978492935635793
25,46,0.6753971872877363,0.6970873082960996
25,47,0.6750471591908864,0.6972014249486778
25,48,0.6757074824654843,0.6962721893491125
25,49,0.6755390905702431,0.6958344402849896
25,50,0.6755258462638757,0.6956164714406472
26,5,0.6699651296333786,0.6974507909672744
26,6,0.6689897810716158,0.699788672865596
26,7,0.6735950155999009,0.7011592802801594
26,8,0.674113435591992,0.7009509721048182
26,9,0.675173926123259,0.7021549329791087
26,10,0.6785673066189367,0.7023741094070765
26,11,0.6810950770913233,0.7024519985508996
26,12,0.6831205099436362,0.7038721168940949
26,13,0.6848706504278856,0.7034989735539187
26,14,0.6848876788217865,0.7030099021857262
26,15,0.6849851190757743,0.7028903514068349
26,16,0.6843597986108615,0.7041130298273154
26,17,0.683578384535191,0.7045767419393794
26,18,0.6839643614636093,0.7043672261804129
26,19,0.6847372613423293,0.7040496316869942
26,20,0.6841772163873694,0.7025914744596063
26,21,0.6850513406076109,0.7018548484482552
26,22,0.6867683703259423,0.7004606931530009
26,23,0.6860323653006742,0.6995236082598719
26,24,0.6864448308418271,0.6990629151068712
26,25,0.686802427113744,0.6980859799541118
26,26,0.6867068789035228,0.6980630358652337
26,27,0.6863852314631742,0.6975600772853519
26,28,0.6861212913577117,0.696540876705712
26,29,0.6864344246011098,0.6958362516604275
26,30,0.6858109961799637,0.6965867648834682
26,31,0.6856236838470547,0.6958942156744354
26,32,0.684731585211029,0.6960898442217123
26,33,0.6841081567898829,0.6959920299480739
26,34,0.6836237935855931,0.6959050839270619
26,35,0.6833806659615651,0.6957559473493539
26,36,0.6830419901273155,0.6956744354546552
26,37,0.6821688119289575,0.6953079338244174
26,38,0.6810420998658542,0.6951171356116412
26,39,0.6807336967318728,0.6951092863180774
26,40,0.6802096006084812,0.6952058930080908
26,41,0.6801679756456126,0.695134645574206
26,42,0.6803004187092856,0.695123173529767
26,43,0.6804129953134076,0.6951696654993358
26,44,0.6808604636642456,0.6952064967999034
26,45,0.680476378779594,0.695250573602222
26,46,0.6800582371071406,0.695250573602222
26,47,0.6801102683107265,0.6949492814877432
26,48,0.6792550645281528,0.694665499335829
26,49,0.6788416529651164,0.6949378094433039
26,50,0.6784074289206459,0.6951104939017025
27,5,0.6855167833742332,0.6891263132471923
27,6,0.686161970298697,0.6901328341987681
27,7,0.68742017940359,0.6922599927544982
27,8,0.687442883928791,0.6936124864146843
27,9,0.6874220714473567,0.6964798937326409
27,10,0.6867853987198431,0.6966423137302257
27,11,0.6878931903452791,0.6978257456828886
27,12,0.6893406038268477,0.6962196594614176
27,13,0.6894172315994014,0.6953387272068591
27,14,0.6910803380703803,0.6946310832025118
27,15,0.6919166214152865,0.6937229803163869
27,16,0.6923621977223577,0.6943153000845309
27,17,0.6934425547131757,0.6945755343557541
27,18,0.694607107651614,0.69401823451274
27,19,0.6946676530521504,0.6958712715855573
27,20,0.6945437241854278,0.6967842048061829
27,21,0.6937812305474249,0.6980304311073542
27,22,0.6940025996681355,0.6982924767540152
27,23,0.6942778920361986,0.6982375316990703
27,24,0.6951539083002067,0.6985207100591716
27,25,0.694992138558149,0.6997295012679629
27,26,0.6953591950488999,0.6993768868494143
27,27,0.6960989841617016,0.6998055790363483
27,28,0.6954585273466545,0.6996654993358291
27,29,0.6950763345057698,0.6999281487743025
27,30,0.6948710477570768,0.6998985629754859
27,31,0.6950479538492683,0.6992168820190798
27,32,0.6948682096914265,0.6992724308658375
27,33,0.6950243033021841,0.6988986837338484
27,34,0.693766094197291,0.698628788793624
27,35,0.693413228034791,0.6980962444149257
27,36,0.6926497883749047,0.6976240792174857
27,37,0.6924463936699784,0.697651249849052
27,38,0.6918466157959166,0.6965451032483999
27,39,0.691517400180501,0.6961647144064727
27,40,0.6912383237249043,0.6960373143340177
27,41,0.690949787050474,0.6951437024513947
27,42,0.6908457246433024,0.6951449100350199
27,43,0.6901570207122031,0.6953308779132955
27,44,0.6896963080549979,0.6952481584349716
27,45,0.6896613052453129,0.6949402246105543
27,46,0.6896754955735637,0.6952886124864147
27,47,0.6888931354760097,0.6955367709213864
27,48,0.6893945270742002,0.6954890713681923
27,49,0.6898268590749042,0.6954570704021253
27,50,0.6902648672069082,0.69523608259872
28,5,0.693610946608417,0.6905518657167008
28,6,0.6958019332903207,0.6906074145634585
28,7,0.6967394409767487,0.6903375196232339
28,8,0.6998755035201474,0.6941232942881296
28,9,0.7016634848797323,0.6952717063156624
28,10,0.7003986536216555,0.696193092621664
28,11,0.7018602574314748,0.6972702572153122
28,12,0.7032357732499067,0.6979803163869098
28,13,0.703471332698868,0.6992434488588335
28,14,0.7029765632538612,0.6986191281246227
28,15,0.7035252559462205,0.6983902910276536
28,16,0.7037617614170651,0.6977369882864388
28,17,0.703293480584793,0.6974344885883348
28,18,0.7032055005496387,0.6984337640381596
28,19,0.7043435648753428,0.6978130660548243
28,20,0.7047087293223268,0.698113150585678
28,21,0.7055289302952156,0.6984675763796644
28,22,0.706648074183252,0.6980437145272309
28,23,0.7071078408185738,0.6969719840598961
28,24,0.7073452923113017,0.6949728293684337
28,25,0.708306450544814,0.694768143943968
28,26,0.7084568680242711,0.6943346214225334
28,27,0.7086224218538624,0.6938352855935275
28,28,0.7078656043471597,0.6933963289457794
28,29,0.7075174682940767,0.6936239584591233
28,30,0.7070671618775886,0.6936511290906896
28,31,0.7071097328623406,0.6936450911725637
28,32,0.7055119019013147,0.6942887332447771
28,33,0.704624533374706,0.6946081391136336
28,34,0.703618912112675,0.695240309141408
28,35,0.7022481264036599,0.6960644849655838
28,36,0.7005613693855965,0.6965463108320252
28,37,0.6995708844736996,0.6959853882381355
28,38,0.6983278117189406,0.6971464798937327
28,39,0.6976618123130424,0.6973396932737592
28,40,0.6971471764084846,0.6976337398864871
28,41,0.6960289785423316,0.6978299722255767
28,42,0.6960488450018826,0.6978764641951454
28,43,0.6956940867956157,0.6981427363844948
28,44,0.6954755557405554,0.6980974519985509
28,45,0.6956023226729281,0.6979815239705349
28,46,0.6953554109613664,0.6981487743026205
28,47,0.6952097235913262,0.6982369279072576
28,48,0.6955200187690744,0.6984084047820311
28,49,0.6953052718015472,0.6982206255283178
28,50,0.6957830128526534,0.6978613693998309
29,5,0.684075992045848,0.6896075353218211
29,6,0.6819332524799963,0.6894571911604879
29,7,0.682985228814313,0.6884180654510327
29,8,0.6815983607332805,0.6898768264702331
29,9,0.6795719818590844,0.6905874894336432
29,10,0.678550278225036,0.6916097089723463
29,11,0.6792692548564032,0.6938334742180897
29,12,0.6766837770491306,0.6961683371573482
29,13,0.6764690300816039,0.6991160487863785
29,14,0.6759931810742646,0.7016151430986595
29,15,0.674961071199499,0.7016151430986597
29,16,0.6727218374015428,0.701737712836614
29,17,0.6721523322277492,0.7010300688322666
29,18,0.6728883372530172,0.701662238860041
29,19,0.6737227285541568,0.7025667189952903
29,20,0.6736725893943378,0.7024791691824659
29,21,0.6729914536383056,0.7029682405506581
29,22,0.6730671353889759,0.7034711991305398
29,23,0.6734691946894115,0.7054818258664413
29,24,0.6730472689294249,0.7065601980437145
29,25,0.6729895615945388,0.7067938654751841
29,26,0.6732506636343513,0.7073656563217003
29,27,0.6730226723604569,0.708145151551745
29,28,0.6725487153968847,0.7081379060499939
29,29,0.6727975191522129,0.7093376403815963
29,30,0.6720775964989621,0.7089989131747374
29,31,0.672362349085859,0.7087803405385822
29,32,0.6722062554751017,0.7086275812099988
29,33,0.6720378635798603,0.7084929356357927
29,34,0.6718590654439018,0.7085508996498007
29,35,0.6719432613915225,0.7082133800265669
29,36,0.6719385312821057,0.7082272672382562
29,37,0.6717852757369984,0.7087103006883225
29,38,0.6713671340645452,0.7087785291631447
29,39,0.6699613455458451,0.7088226059654632
29,40,0.6702129873668238,0.7081602463470595
29,41,0.6697447065345516,0.7084639536287887
29,42,0.6701704163820718,0.7091347663325686
29,43,0.670563961485557,0.7088757396449704
29,44,0.6712299608914553,0.7088552107233426
29,45,0.6714049749398804,0.7083087791329551
29,46,0.6705431490041227,0.7079265789155899
29,47,0.6702054191917568,0.7074459606327738
29,48,0.6697920076287205,0.7078233305156382
29,49,0.669768357081636,0.7080642434488588
29,50,0.6686435370622994,0.7079175220384012
30,5,0.6931379356667278,0.6615541601255887
30,6,0.6994753362634785,0.6630298273155416
30,7,0.6968387732745034,0.6638141528800869
30,8,0.6952040474600258,0.6655204685424466
30,9,0.6958255838374053,0.6677925371331964
30,10,0.6970440600231964,0.6690562733969327
30,11,0.6961822340874388,0.6719810409370848
30,12,0.6959220780695099,0.6727086100712473
30,13,0.6971225798395169,0.6736076560801834
30,14,0.69817361015195,0.675487863784567
30,15,0.6974536874986991,0.6764382320975729
30,16,0.6980127864317758,0.6771446685182949
30,17,0.6979664313594902,0.6776446081391135
30,18,0.6963288674793625,0.6780340538582297
30,19,0.6952286440289936,0.677977297427847
30,20,0.6953459507425325,0.6782804009177635
30,21,0.6947007638180686,0.6788576258905928
30,22,0.6948786159321437,0.678741697862577
30,23,0.6943072187145831,0.6782852312522641
30,24,0.6952778371669293,0.6773722980316388
30,25,0.6954623114341881,0.6774592440526506
30,26,0.6949183488512457,0.67730950368313
30,27,0.6962181829190074,0.676694239826108
30,28,0.6949959226456827,0.676686994324357
30,29,0.69585207245014,0.6769943243569616
30,30,0.6951189054905217,0.6778088395121361
30,31,0.6941520711257093,0.6785720323632412
30,32,0.6946127837829144,0.6792192971863302
30,33,0.6940678751780887,0.6794964376283058
30,34,0.6946477865925994,0.6797657287767178
30,35,0.6948350989255083,0.6795646661031276
30,36,0.695276891145046,0.6794716821639898
30,37,0.6960791177021508,0.6796286680352615
30,38,0.6962200749627743,0.6797729742784688
30,39,0.696397927076849,0.6796679145030794
30,40,0.6967810659396174,0.6800640019321338
30,41,0.6976627583349257,0.6796202149498852
30,42,0.6980298148256765,0.6794251901944209
30,43,0.69915652688878,0.6790055548846757
30,44,0.6999710517303686,0.6784699915469147
30,45,0.7003475684399534,0.6788111339210241
30,46,0.7013673800302349,0.6781143581693032
30,47,0.7005698835825471,0.6782930805458278
30,48,0.7008130112065752,0.6781252264219297
30,49,0.7010514087211865,0.6777726120033812
30,50,0.7006219147861329,0.6779948073904118
31,5,0.6716698610672264,0.6875250573602223
31,6,0.6715232276753026,0.6910813911363363
31,7,0.6747028072253367,0.6961007124743388
31,8,0.6784717584087154,0.6983927061949042
31,9,0.6821442153599897,0.699875618886608
31,10,0.6808926284082804,0.7027701968361308
31,11,0.6792900673378377,0.7023578070281367
31,12,0.6794376467516446,0.7028788793623958
31,13,0.6807062620972548,0.7033003260475789
31,14,0.6802360892212158,0.7032477961598841
31,15,0.6805908474274827,0.70365595942519
31,16,0.6803117709718861,0.705599565269895
31,17,0.6787290763609944,0.7064690254800146
31,18,0.6784982470214501,0.7075522279917883
31,19,0.6783913465486283,0.7072340297065571
31,20,0.677732915317797,0.7084096123656562
31,21,0.6787290763609943,0.7082683250815118
31,22,0.6796996948133404,0.7087253954836372
31,23,0.680724236513039,0.7078897476150223
31,24,0.6823390958679656,0.7083256853037073
31,25,0.6827137205337833,0.7083099867165803
31,26,0.683515947090888,0.707703175944934
31,27,0.6842964151446751,0.7070710059171599
31,28,0.6846596875478924,0.7074405265064606
31,29,0.6847486136049299,0.7070377973674677
31,30,0.6848782186029527,0.7074465644245863
31,31,0.6843985855080801,0.7069164352131385
31,32,0.6841299152932006,0.7069580968482068
31,33,0.6840911283959822,0.7070214949885281
31,34,0.6832094360006735,0.7065451032483999
31,35,0.682895356735392,0.706371211206376
31,36,0.6829540100921614,0.7069224731312643
31,37,0.6834222909244337,0.7076270981765487
31,38,0.683508378915821,0.7075920782514189
31,39,0.6834260750119673,0.7083299118463954
31,40,0.6834487795371682,0.7085007849293563
31,41,0.6828414334880394,0.7091522762951334
31,42,0.6826068200609616,0.7095544016423138
31,43,0.6819219002173957,0.7095851950247555
31,44,0.6817118833592858,0.7091305397898805
31,45,0.6810761566536555,0.7086396570462505
31,46,0.6805350321363633,0.7085412389807995
31,47,0.680018504188039,0.7089131747373505
31,48,0.679986339444004,0.7086801110976935
31,49,0.6803950208976234,0.7084156502837822
31,50,0.6798945753213164,0.7084561043352252
32,5,0.6695025249324067,0.687592078251419
32,6,0.67097926509236,0.6867280521676126
32,7,0.6759733146147135,0.68896449704142
32,8,0.6759326356737284,0.6908012317352977
32,9,0.6785152754153508,0.6932218331119431
32,10,0.6836200094980597,0.6960590508392706
32,11,0.6832217342851574,0.6975812099987925
32,12,0.6858062660705467,0.699348508634223
32,13,0.6849425480910224,0.7015118946987079
32,14,0.6841601879934687,0.7006581330757155
32,15,0.6838025917215518,0.7010101437024514
32,16,0.6844496706897825,0.6993515275932858
32,17,0.6855461100526177,0.6985720323632412
32,18,0.6865015921548298,0.6995278348025601
32,19,0.6869074355427989,0.6991432194179448
32,20,0.6869282480242334,0.6992114478927667
32,21,0.6875687048392805,0.6989210240309142
32,22,0.6875034293293273,0.7002855935273519
32,23,0.6881202355972897,0.7002861973191643
32,24,0.687132588751043,0.7001455138268325
32,25,0.6865763278836167,0.7012552831783601
32,26,0.6862565724870348,0.7027551020408164
32,27,0.6851364825771148,0.7029718633015336
32,28,0.6849605225068067,0.7020939500060379
32,29,0.6849661986381069,0.7018977176669484
32,30,0.6841687021904189,0.7013373988648713
32,31,0.6828168369190717,0.7008447047458037
32,32,0.6821073205065379,0.7008495350803042
32,33,0.6816617441994668,0.7007221350078493
32,34,0.6810383157783206,0.700771645936481
32,35,0.680316501081303,0.7009890109890109
32,36,0.6799570127656194,0.7008090810288612
32,37,0.679668476091189,0.700149136577708
32,38,0.6804602964075763,0.6995356840961237
32,39,0.6805681429022816,0.6986221470836854
32,40,0.6805123276111623,0.697941069919092
32,41,0.6803581260441716,0.6976784204806183
32,42,0.6790497777794596,0.6967485810892403
32,43,0.6788794938404515,0.6967727327617438
32,44,0.6787338064704114,0.6969894940224611
32,45,0.6777915686745667,0.6967956768506219
32,46,0.6776477733482932,0.6964949885279555
32,47,0.6773895093741309,0.6964690254800144
32,48,0.6773374781705451,0.6967540152155537
32,49,0.6775342507222878,0.6965155174495833
32,50,0.6772892310544928,0.6966972587851709
33,5,0.6968785061936053,0.6915873686752807
33,6,0.6986712176626071,0.6926391740128005
33,7,0.6987913624417961,0.6915203477840841
33,8,0.7004601450440752,0.6902294408887815
33,9,0.7027712765051681,0.6894716821639899
33,10,0.7060492423310736,0.6894197560681077
33,11,0.7062072279855978,0.6907565511411666
33,12,0.7074521927841235,0.689051443062432
33,13,0.7082638795600619,0.6894427001569859
33,14,0.7094189722796668,0.6885327858954233
33,15,0.7093073416974282,0.6889952904238618
33,16,0.7099430684030582,0.6885859195749306
33,17,0.7089402852066775,0.6879766936360344
33,18,0.7084294333896531,0.6878746528197078
33,19,0.7082392829910941,0.6873565994445116
33,20,0.7082411750348607,0.6882791933341385
33,21,0.7070983805997401,0.6885949764521194
33,22,0.7057427312408591,0.6890550658133076
33,23,0.705382296903292,0.6896993116773337
33,24,0.704247070643238,0.6894034536891679
33,25,0.7029945376696454,0.6896751600048304
33,26,0.7029954836915288,0.6897977297427846
33,27,0.702348404723298,0.6895652698949403
33,28,0.701580234953995,0.6897663325685304
33,29,0.7015632065600941,0.6901286076560802
33,30,0.7011015478810055,0.6904468059413116
33,31,0.7014231953213541,0.6906973795435334
33,32,0.7003617587682038,0.6907933824417342
33,33,0.7000703840281234,0.6905385822968242
33,34,0.6998177961852613,0.6908791208791207
33,35,0.6995916969551338,0.6912595097210481
33,36,0.6990657087879756,0.6917413355874894
33,37,0.6990798991162265,0.6920571187054705
33,38,0.6987156806911257,0.6927442337881897
33,39,0.6987374391944434,0.6925147928994083
33,40,0.6994885805698459,0.6923366743146964
33,41,0.6992303165956835,0.6929561647144065
33,42,0.6996352139617695,0.6936082598719961
33,43,0.6999918642118029,0.694487380751117
33,44,0.7002879690613003,0.6952089119671536
33,45,0.7010164059115016,0.695464919695689
33,46,0.7009766729923996,0.6954975244535685
33,47,0.7012708857981302,0.6952173650525297
33,48,0.7017694393306706,0.6951654389566476
33,49,0.7017202461927349,0.6951467214104576
33,50,0.7018697176503087,0.6944493418669242
34,5,0.6872300290050309,0.6708984422171236
34,6,0.6841412675558011,0.6747657287767178
34,7,0.6830117174270475,0.6774320734210844
34,8,0.6809711482246008,0.680873082960995
34,9,0.6793080417536219,0.682112667552228
34,10,0.6785370339186685,0.6837688684941432
34,11,0.6778861708629044,0.685124381113392
34,12,0.6778180572873012,0.6857003985025963
34,13,0.6774916797375357,0.6855041661635068
34,14,0.6784235112926632,0.6857728535201063
34,15,0.6799891775096542,0.6837815481222075
34,16,0.6824119395529857,0.6846534234995774
34,17,0.6848697044060024,0.6850320009660669
34,18,0.6862357600056005,0.6848079942035985
34,19,0.6890038200363651,0.6836891679748822
34,20,0.6916867380976257,0.683425914744596
34,21,0.6932032111766809,0.6836462987561889
34,22,0.6948625335601263,0.6845664774785654
34,23,0.6966968699919966,0.6858000241516724
34,24,0.6985444507302343,0.6860862214708369
34,25,0.7010760052901546,0.6858585919574931
34,26,0.702658699901046,0.6866718995290424
34,27,0.7036520228785933,0.6868657167008816
34,28,0.7049925358873402,0.6876041540876706
34,29,0.7058742282826487,0.6870728172925975
34,30,0.7061589808695454,0.6883196473855815
34,31,0.7063689977276555,0.6880274121482912
34,32,0.7066575344020858,0.6879724670933463
34,33,0.7064758982004773,0.6878203115565752
34,34,0.7050663255942438,0.6876065692549208
34,35,0.7047948173137142,0.6875184156502838
34,36,0.7042640990371389,0.6881234150464919
34,37,0.7039982668879097,0.6884301412872842
34,38,0.7040777327261134,0.6879881656804733
34,39,0.7036699972943775,0.6875745682888541
34,40,0.7032272590529565,0.6874586402608381
34,41,0.7028081713586198,0.6879501267962808
34,42,0.7021771747624065,0.6873203719357566
34,43,0.7020333794361331,0.6868228474821882
34,44,0.7011810137192094,0.6871090448013525
34,45,0.7008489600381436,0.6869580968482067
34,46,0.7004364944969906,0.6867842048061827
34,47,0.6995784526487665,0.6873741094070764
34,48,0.6989663764902211,0.6870782514189107
34,49,0.698438496279296,0.6870136456949644
34,50,0.6982587521214542,0.6873390894819467
35,5,0.6652898894857235,0.6879615988407197
35,6,0.6661753659685655,0.6873801473252023
35,7,0.6692792637679295,0.6866924284506701
35,8,0.672324508210524,0.6849993962081875
35,9,0.6734105413326421,0.6838962685665981
35,10,0.6722904514227224,0.684491607293805
35,11,0.673940313587334,0.6848768264702332
35,12,0.6769448790889431,0.6849021857263614
35,13,0.6777887306089163,0.6854341263132472
35,14,0.6801802739300966,0.6864702330636397
35,15,0.6815633579235953,0.6873596184035745
35,16,0.6828679221007742,0.6882200217365053
35,17,0.6841639720810021,0.6893195266272191
35,18,0.6853020364067061,0.6902958579881656
35,19,0.6879083266954131,0.6900434730105061
35,20,0.6881173975316396,0.6899366018596789
35,21,0.6886452777425648,0.6905554884675764
35,22,0.6877087160780202,0.6901702692911484
35,23,0.6878837301264453,0.6895743267721289
35,24,0.6870483928034224,0.6894650404540514
35,25,0.6859812801189716,0.6888292476754014
35,26,0.6859935784034557,0.6873409008573843
35,27,0.6859860102283886,0.6871422533510445
35,28,0.6847476675830466,0.6861399589421567
35,29,0.6847230710140787,0.6856985871271586
35,30,0.6837098815769805,0.6851394759087067
35,31,0.6835291913972554,0.6839886487139234
35,32,0.6826579052426641,0.682778649921507
35,33,0.681709991315519,0.6817503924646782
35,34,0.681547275551578,0.6812504528438594
35,35,0.6806362564778848,0.6807517208066659
35,36,0.6800572910852574,0.680706436420722
35,37,0.6789901784008067,0.6810288612486415
35,38,0.6780157758609271,0.6807311918850381
35,39,0.6777735942587824,0.6805983576862699
35,40,0.6776165546261416,0.6807595701002294
35,41,0.6769562313515435,0.6802868011109768
35,42,0.6769051461698411,0.6807523245984786
35,43,0.6759487180457459,0.6806243207342109
35,44,0.6762098200855582,0.6806967757517208
35,45,0.6755778774674617,0.6805609225938896
35,46,0.6752420396988623,0.6809564062311316
35,47,0.6752051448454106,0.681058447047458
35,48,0.6748286281358259,0.6809298393913779
35,49,0.6747576764945726,0.6814472889747614
35,50,0.6743698075223875,0.6811484120275328
36,5,0.6638358538509712,0.6947282936843376
36,6,0.6666408087351877,0.6950833232701363
36,7,0.6731248427238617,0.6971682163989855
36,8,0.6787338064704111,0.6964352131385099
36,9,0.6836928531830799,0.696966549933583
36,10,0.6853020364067062,0.6987543774906412
36,11,0.6864079359883754,0.6995471561405627
36,12,0.6893793907240662,0.7005663567202028
36,13,0.6924908566984972,0.7015970293442823
36,14,0.694256133532881,0.7017558265909914
36,15,0.6941142302503742,0.7017352976693636
36,16,0.6934983700042949,0.7032339089481947
36,17,0.6927150638848577,0.7043195266272191
36,18,0.6925173453112318,0.705353218210361
36,19,0.6929288648305012,0.705985992029948
36,20,0.6919204055028201,0.7069423982610796
36,21,0.6919989253191404,0.7080739041178602
36,22,0.6930291431501394,0.7090647264823089
36,23,0.6931123930758766,0.7092199009781427
36,24,0.6923376011533898,0.7090448013524937
36,25,0.6925703225367009,0.7085182948919213
36,26,0.6921521808642477,0.7074121482912693
36,27,0.6924870726109638,0.7064533268928873
36,28,0.6927964217668282,0.7054975244535684
36,29,0.6925041010048645,0.7052131385098417
36,30,0.6917718800671298,0.7046920661755827
36,31,0.6923527375035238,0.7046654993358289
36,32,0.6923716579411915,0.704105180533752
36,33,0.6924558538888121,0.7033353459727086
36,34,0.6927415524975923,0.7030920178722376
36,35,0.6936355431773847,0.7021440647264824
36,36,0.6941473410162924,0.7014460813911364
36,37,0.6939382701800658,0.7016640502354788
36,38,0.6935135063544291,0.702010022944089
36,39,0.6945352099884774,0.7024405265064606
36,40,0.6941653154320765,0.7028130660548244
36,41,0.6941946421104613,0.7027394034536892
36,42,0.6941445029506422,0.7034494626252868
36,43,0.693486071719811,0.7035629754860525
36,44,0.6939354321144157,0.7033860644849655
36,45,0.6939013753266141,0.7038793623958459
36,46,0.6937623101097574,0.70398079942036
36,47,0.6942996505395163,0.7042301654389567
36,48,0.6941057160534236,0.7036982248520709
36,49,0.6938332617510109,0.7035569375679266
36,50,0.6936762221183701,0.7032852312522642
37,5,0.6833295807798627,0.6908386668276777
37,6,0.690189185456238,0.6921561405627339
37,7,0.6951075532279212,0.6952626494384736
37,8,0.6977564145013802,0.6953188020770439
37,9,0.7006436732894505,0.695793382441734
37,10,0.7016965956456505,0.6951394759087067
37,11,0.7002425600108981,0.6996667069194542
37,12,0.7000665999405901,0.7017878275570584
37,13,0.6994838504604288,0.7022147083685545
37,14,0.6979323745716886,0.7027689892525056
37,15,0.698511339964316,0.704276053616713
37,16,0.6999351028988002,0.705040454051443
37,17,0.7008177413159922,0.7061876584953508
37,18,0.701747680827353,0.7084548967516
37,19,0.7033029408036267,0.7106840961236566
37,20,0.7044239767354298,0.7120710059171598
37,21,0.7050890301194448,0.713850380388842
37,22,0.7048383343203495,0.7143515275932858
37,23,0.7051438993886807,0.7148538823813548
37,24,0.7051467374543309,0.7145296461779977
37,25,0.7045592578647529,0.7161967153725396
37,26,0.7039869146253089,0.7165940103852191
37,27,0.7037409489356308,0.7160795797608984
37,28,0.7036908097758117,0.7156086221470837
37,29,0.7035110656179698,0.7154558628185004
37,30,0.7033984890138479,0.7158483274966791
37,31,0.704174226958218,0.7159739161936963
37,32,0.7043274825033253,0.7161864509117257
37,33,0.7045829084118373,0.7160922593889626
37,34,0.7050303767626753,0.7161961115807269
37,35,0.7050805159224942,0.7159201787223765
37,36,0.7047853570948803,0.7152034778408405
37,37,0.7048676609987342,0.7144173409008574
37,38,0.7054012173409596,0.7139729501267963
37,39,0.7055393365359328,0.7134911242603551
37,40,0.7061419524756446,0.712759932375317
37,41,0.7061731711977962,0.7124743388479653
37,42,0.706267773386134,0.7126923076923077
37,43,0.7068874177197467,0.7126470233063639
37,44,0.7069640454923004,0.7124755464315904
37,45,0.7071068947966905,0.7116060862214709
37,46,0.7077322152616035,0.7110089361188262
37,47,0.7073112355235003,0.7106188866078975
37,48,0.7077265391303031,0.7103290665378577
37,49,0.7074777353749746,0.7096981040937085
37,50,0.7077132948239359,0.7098828643883589
38,5,0.6869424383524839,0.6747113875135853
38,6,0.6937414976283232,0.6762570945537979
38,7,0.6947792836343889,0.6772376524574326
38,8,0.698966376490221,0.6774676971380268
38,9,0.7012292608352616,0.6790816326530612
38,10,0.7013465675488005,0.6795688926458157
38,11,0.7024770636994375,0.6802161574689046
38,12,0.7023115098698464,0.6791589180050718
38,13,0.705214851029934,0.6779597874652821
38,14,0.7074976018345257,0.6776132109648593
38,15,0.7075278745347937,0.6781662842651853
38,16,0.7067701110062078,0.6793636034295374
38,17,0.7054712229603295,0.6795719116048786
38,18,0.7063576454650549,0.679513343799058
38,19,0.706728486043339,0.6790816326530612
38,20,0.7076168005918313,0.6787803405385823
38,21,0.7088475750621063,0.6798707885521074
38,22,0.7088778477623745,0.6799384132351164
38,23,0.7103971589070798,0.6803803888419274
38,24,0.7115863084144862,0.6804920903272551
38,25,0.7122191970544663,0.6800591715976332
38,26,0.7129504719703176,0.6797741818620938
38,27,0.7125777393482666,0.6796836130902064
38,28,0.7114604875039969,0.6793267721289699
38,29,0.711323314330907,0.6802022702572154
38,30,0.7111549224356657,0.6801147204443907
38,31,0.7119949898681055,0.6799728293684337
38,32,0.7116468538150225,0.6796304794106991
38,33,0.7119174160736687,0.6801104939017028
38,34,0.7116818566247075,0.6794366622388599
38,35,0.711871061001383,0.6790478203115565
38,36,0.7118067315133135,0.6784603308779134
38,37,0.7116714503839902,0.678043714527231
38,38,0.7115323851671337,0.6776717787706799
38,39,0.7109959907592581,0.6774139596667068
38,40,0.7113252063746739,0.6766447288974762
38,41,0.7112466865583534,0.676193092621664
38,42,0.7114387290006792,0.6759962564907619
38,43,0.7112343882738695,0.6758320251177394
38,44,0.7108465193016845,0.6752819707764762
38,45,0.7101549773049349,0.6746479893732641
38,46,0.7088532511934066,0.6744692669967395
38,47,0.70794128609783,0.6739131747373506
38,48,0.7066764548397534,0.6730902064968001
38,49,0.7064948186381447,0.6729567685062191
38,50,0.706057756528024,0.6724375075473976
39,5,0.6726064227317706,0.6756925492090327
39,6,0.672887391231134,0.6763512860765608
39,7,0.6746479379561009,0.678934307450791
39,8,0.6751625738606585,0.6815342349957735
39,9,0.6750566194097201,0.6818946987078854
39,10,0.6762807717268116,0.6832810047095762
39,11,0.6755353064827094,0.6857450790967273
39,12,0.6758020846538221,0.687276295133438
39,13,0.6766781009178305,0.6894088878154812
39,14,0.677892793016088,0.6898756188866078
39,15,0.6768625751850892,0.6891238980799421
39,16,0.6774964098469526,0.6882230406955682
39,17,0.6773157196672274,0.6875848327496679
39,18,0.6791774907337156,0.6873360705228837
39,19,0.6789655818318389,0.6871235358048545
39,20,0.6805426003114304,0.6858779132954957
39,21,0.6810922390256732,0.6853206134524817
39,22,0.681792295219373,0.6850320009660669
39,23,0.6811688667982266,0.6852517811858471
39,24,0.6829672543985287,0.6861001086825264
39,25,0.6818036474819734,0.6865451032483999
39,26,0.6824838372161225,0.687319768143944
39,27,0.6825160019601574,0.6878438594372659
39,28,0.6822407095920942,0.6887139234391982
39,29,0.6823031470363973,0.6897011230527712
39,30,0.6824053173998019,0.6897168216398987
39,31,0.6818594627730928,0.690403936722618
39,32,0.6819048718234949,0.6910179929960149
39,33,0.6813192842776838,0.690949764521193
39,34,0.6821669198851907,0.6910107474942639
39,35,0.6813268524527509,0.6911792054099747
39,36,0.6808434352703447,0.6915245743267722
39,37,0.6810260174938367,0.6916187658495352
39,38,0.6804943531953781,0.6916139355150344
39,39,0.6804186714447078,0.6923626373626374
39,40,0.6810827788068394,0.6918373384856902
39,41,0.6815009204792924,0.6923493539427605
39,42,0.6818433804010754,0.6924465644245864
39,43,0.6822766584236626,0.6925908706677938
39,44,0.6823769367433006,0.6929078613693996
39,45,0.6826001979077779,0.6930370728172925
39,46,0.6827392631246345,0.6931626615143098
39,47,0.6824157236405193,0.6933613090206496
39,48,0.6825207320695743,0.6933431952662721
39,49,0.682860353925707,0.6935623716942397
39,50,0.6826115501703784,0.6933468180171477
40,5,0.6729318542596529,0.6700736626011351
40,6,0.6740226174911879,0.6688642676005313
40,7,0.6740339697537883,0.6677110252384978
40,8,0.6773090975140438,0.6706019804371454
40,9,0.6788217865055653,0.6726403815964254
40,10,0.681850002554259,0.674131143581693
40,11,0.6881098293565727,0.6773535804854485
40,12,0.6914142837952127,0.6798297307088516
40,13,0.6948596954944761,0.6821193092621665
40,14,0.6975274772056026,0.6843370365897836
40,15,0.7002009350480295,0.6862444149257334
40,16,0.7008735566071115,0.684792899408284
40,17,0.7016218599168638,0.6843575655114117
40,18,0.7033057788692767,0.6837459244052649
40,19,0.704274505277856,0.6849504890713681
40,20,0.7048875274582851,0.6840912933220625
40,21,0.7059830207992371,0.6845145513826832
40,22,0.7065875287827158,0.6834820673831663
40,23,0.706180739372863,0.6845477599323753
40,24,0.7061797933509799,0.6834090085738437
40,25,0.704440059107447,0.6837193575655114
40,26,0.7052716123429367,0.684160125588697
40,27,0.7063198045897198,0.6845387030551864
40,28,0.7068684972820791,0.6848569013404177
40,29,0.7072516361448474,0.6844288129452964
40,30,0.7081579251091235,0.6830080908102885
40,31,0.7080917035772872,0.6826403815964256
40,32,0.7079479082510137,0.6818771887453207
40,33,0.7074266501932722,0.6816664654027291
40,34,0.70822414664096,0.6809364811013163
40,35,0.7084019987550352,0.6806478686149013
40,36,0.7086999956482993,0.6803393309986716
40,37,0.7086044474380782,0.6793841323511652
40,38,0.7076773459923674,0.6787598116169545
40,39,0.7071551419127426,0.6783353459727086
40,40,0.7073765110334532,0.6773384856901339
40,41,0.7070018863676354,0.6763458519502475
40,42,0.7071314913656582,0.6758422895785533
40,43,0.7069337727920322,0.675593527351769
40,44,0.7073159656329169,0.6751098901098901
40,45,0.7066556423583189,0.6749897355391862
40,46,0.7068183581222601,0.6743950006037918
40,47,0.7066092872860336,0.6741522762951334
40,48,0.7058098987945789,0.673719961357324
40,49,0.7056074501115359,0.673029223523729
40,50,0.7050663255942436,0.672851104939017
41,5,0.6844439945584821,0.6842247313126435
41,6,0.6887266356245353,0.6857662118101678
41,7,0.6871723216701449,0.6893080545827799
41,8,0.6900434980861978,0.692151914020046
41,9,0.6924038226852264,0.6941546914623838
41,10,0.6895818394071092,0.6959509721048183
41,11,0.691229809527954,0.6938703055186571
41,12,0.6901030974648505,0.6958585919574931
41,13,0.6902374325722902,0.6963186813186812
41,14,0.6901844553468209,0.6963337761139958
41,15,0.6918977009776189,0.6975051322304069
41,16,0.6917368772574447,0.6990278951817415
41,17,0.692868319429965,0.7003574447530492
41,18,0.6933886314658232,0.7010602584228959
41,19,0.6943053266708166,0.7026989494022461
41,20,0.6949637579016478,0.7028873324477719
41,21,0.6963458958732633,0.7042072213500784
41,22,0.6970932531611321,0.7032151914020045
41,23,0.6979503489874728,0.7033824417340901
41,24,0.6977223577135786,0.703053978988045
41,25,0.6987100045598253,0.7031566235961839
41,26,0.698856637951749,0.7031880207704384
41,27,0.6991281462322786,0.7031608501388721
41,28,0.6997213019531567,0.7034367829972227
41,29,0.69972224797504,0.704283299118464
41,30,0.6992388307926338,0.7039023064847242
41,31,0.6993182966308377,0.7041510687115083
41,32,0.6987942005074461,0.7048303345006642
41,33,0.6992019359391821,0.7051328341987683
41,34,0.6984328201479956,0.7053731433401763
41,35,0.6984895814609984,0.7056810771645936
41,36,0.6979427808124058,0.7055814515155174
41,37,0.6972635371001402,0.705719719840599
41,38,0.696500097440254,0.7056629634102162
41,39,0.6954689335873716,0.7057933824417342
41,40,0.6949864624268488,0.7049891317473735
41,41,0.6946780592928676,0.7048804492211085
41,42,0.694663868964617,0.7043950006037918
41,43,0.6939997616024854,0.7039373264098538
41,44,0.6942107244824787,0.7030400917763556
41,45,0.6937831225911918,0.7028855210723344
41,46,0.6931313135135441,0.7029489192126553
41,47,0.6934586370851931,0.702880086946021
41,48,0.6932628105553338,0.7028100470957614
41,49,0.693280784971118,0.7031463591353703
41,50,0.693160640191929,0.7032834198768264
42,5,0.6852500052031203,0.6883546673107113
42,6,0.6889120559136773,0.6893316024634706
42,7,0.6914284741234633,0.6927846878396329
42,8,0.695424470558853,0.6968367346938775
42,9,0.6978737212149191,0.6981203960874292
42,10,0.696815122727419,0.700832628909552
42,11,0.6973202984131429,0.7043503200096605
42,12,0.6993438392216889,0.7064370245139476
42,13,0.6998982080453484,0.7096310832025117
42,14,0.7002766167986997,0.7089083444028498
42,15,0.6997477905658913,0.7101322304069557
42,16,0.6990742229849259,0.7113591353701244
42,17,0.6984829593078148,0.7126639294771162
42,18,0.6977630366545639,0.713442217123536
42,19,0.6987497374789273,0.713934307450791
42,20,0.699236938748867,0.7135581451515518
42,21,0.7001337674943097,0.7144722859558024
42,22,0.6989228594835856,0.7153592561284869
42,23,0.6992605892959516,0.7151292114478929
42,24,0.6990761150286929,0.7164811013162662
42,25,0.6993504613748726,0.7174538099263373
42,26,0.6988982629146177,0.7179223523729018
42,27,0.698514178029966,0.7193159038763435
42,28,0.6979399427467556,0.7193207342108441
42,29,0.6993353250247384,0.7188189832145876
42,30,0.6984640388701471,0.7194451153242362
42,31,0.698978674774705,0.7178390291027654
42,32,0.6990761150286929,0.7177261200338123
42,33,0.6991574729106634,0.7177327617437509
42,34,0.6990335440439408,0.7176687598116169
42,35,0.6993447852435721,0.7170728172925974
42,36,0.6990070554312062,0.7168439801956286
42,37,0.6982313174868361,0.7177641589180052
42,38,0.6983552463535587,0.7167093346214225
42,39,0.6984261979948119,0.7163832870426275
42,40,0.697773442895281,0.7165058567805821
42,41,0.697813175814383,0.7161846395362879
42,42,0.6981613118674661,0.7151696654993359
42,43,0.6984044394914943,0.7142102403091414
42,44,0.6978585848647851,0.7138370969689651
42,45,0.6974603096518829,0.7139481946624804
42,46,0.6974867982646173,0.713814152880087
42,47,0.6979002098276537,0.7132791933341384
42,48,0.6979456188780557,0.7132689288733245
42,49,0.6975085567679351,0.7131813790605
42,50,0.6973184063693761,0.7126886849414321
43,5,0.6714872788437343,0.6891613331723222
43,6,0.6732591778313016,0.6895791571066296
43,7,0.6730775416296929,0.6932846274604515
43,8,0.672817385611764,0.694930563941553
43,9,0.6729630729818042,0.6945326651370607
43,10,0.6733859447636742,0.6960433522521435
43,11,0.6735505525713822,0.6946419514551382
43,12,0.6742335803711812,0.6931807752686874
43,13,0.6752183891517778,0.6931626615143099
43,14,0.6755466587453101,0.691734693877551
43,15,0.6748844434269454,0.6897759932375317
43,16,0.6756393688898812,0.6898399951696654
43,17,0.6754340821411879,0.6904051443062433
43,18,0.6756403149117644,0.6911852433281005
43,19,0.677077322152616,0.6921066296341021
43,20,0.6777773783463159,0.6934259147445961
43,21,0.6793118258411555,0.694189107595701
43,22,0.6807611313664906,0.6952119309262167
43,23,0.6815047045668261,0.6957650042265427
43,24,0.6826919620304657,0.6965940103852192
43,25,0.6816068749302308,0.6974284506702088
43,26,0.6822709822923624,0.6977532906653786
43,27,0.6832425467665918,0.6988582296824055
43,28,0.6825670871418599,0.6984778408404781
43,29,0.6829899589237298,0.698866078975969
43,30,0.6831119957466857,0.6989451757034174
43,31,0.6819682552896813,0.6988485690134042
43,32,0.6814592955164239,0.6993285835044077
43,33,0.6811130515071074,0.6991637483395725
43,34,0.6811537304480927,0.7004860524091292
43,35,0.6804073191821073,0.7009346697258786
43,36,0.6800667513040912,0.7012981523970535
43,37,0.6800667513040911,0.7014883468180172
43,38,0.6791112692018793,0.7013905325443787
43,39,0.6784783805618992,0.701022219538703
43,40,0.6780488866268454,0.7011924888298515
43,41,0.6772845009450759,0.7007468904721651
43,42,0.6766998594211481,0.7005452240067623
43,43,0.6769108223011414,0.7009660669001329
43,44,0.6774481627309004,0.7009274242241275
43,45,0.6776004722541241,0.700751117014853
43,46,0.6775938501009405,0.700457674193938
43,47,0.6776714238953776,0.7005204685424467
43,48,0.6774453246652502,0.7009564062311315
43,49,0.6774226201400492,0.7016248037676609
43,50,0.6770811062401496,0.7017540152155537
44,5,0.6850163377979258,0.6865523487501509
44,6,0.6843219577355264,0.6853876343436782
44,7,0.686102370920044,0.6874073179567686
44,8,0.6913433321539594,0.6871144789276659
44,9,0.6954556892810045,0.6872648230889988
44,10,0.6941672074758434,0.6883021374230164
44,11,0.6967839040052674,0.6886553556333777
44,12,0.7003409462867695,0.6897959183673469
44,13,0.7013181868922991,0.6899088274362998
44,14,0.7029595348599603,0.6901280038642675
44,15,0.7042924796936403,0.6913398140321217
44,16,0.7059272055081178,0.6915891800507185
44,17,0.7064995487475617,0.6925781910397294
44,18,0.7076253147887817,0.6921350078492934
44,19,0.7088617653903572,0.6919611158072697
44,20,0.7092912593254108,0.6917226180412991
44,21,0.7088598733465903,0.6923855814515156
44,22,0.7094114041045998,0.6937833594976452
44,23,0.7098749548274551,0.6942476754015214
44,24,0.7102656618652903,0.6942869218693394
44,25,0.7104709486139833,0.6940297065571792
44,26,0.7110574821816777,0.6930666586161092
44,27,0.7117225355656924,0.6933558748943365
44,28,0.712608958070418,0.6923765245743266
44,29,0.7123847508840572,0.6921851225697381
44,30,0.711433052869379,0.6924936601859679
44,31,0.7105191957300356,0.6924266392947711
44,32,0.7095107364023544,0.6921241395966671
44,33,0.7089346090753772,0.6922817292597513
44,34,0.7079743968637482,0.6919309262166405
44,35,0.7071267612562413,0.6928372177273275
44,36,0.7065194152071125,0.693189832145876
44,37,0.7066357758987681,0.6928486897717667
44,38,0.705837333429197,0.6929356357927786
44,39,0.7056982682123403,0.6934893128849173
44,40,0.7063056142614691,0.69270921386306
44,41,0.7053189134371055,0.6926434005554886
44,42,0.7050729477474272,0.6928299722255767
44,43,0.7054267599318108,0.6929791088032845
44,44,0.7062110120731311,0.6926681560198044
44,45,0.7065619861918646,0.6928197077647626
44,46,0.7070822982277226,0.6926023427122329
44,47,0.7074900336594586,0.6922684458398743
44,48,0.707611124460531,0.6917528076319286
44,49,0.7081446808027563,0.6915553677092139
44,50,0.7080472405487683,0.6913651732882502
45,5,0.6818887894514776,0.6803918608863663
45,6,0.6799409303936018,0.6838383045525903
45,7,0.6809702022027172,0.6890073662601135
45,8,0.682025016602684,0.6902523849776597
45,9,0.6809049266927644,0.6923952421205167
45,10,0.6794489990142452,0.6940399710179931
45,11,0.6774235661619326,0.6962081874169785
45,12,0.6787943518709475,0.6977738195870065
45,13,0.6787423206673616,0.6972497282936843
45,14,0.6794262944890442,0.6969900978142736
45,15,0.6804773248014773,0.6977490641226906
45,16,0.6822274652857271,0.6981837942277502
45,17,0.6837600207367998,0.6982453809926337
45,18,0.6851714853867998,0.6971549329791088
45,19,0.6868677026236971,0.6979718633015336
45,20,0.6878790000170285,0.6980612244897959
45,21,0.6892195130257753,0.6968940949160728
45,22,0.6893566861988651,0.6966429175220383
45,23,0.6902118899814389,0.6964321941794469
45,24,0.6902563530099578,0.6955138268325081
45,25,0.6901456684496026,0.696233546673107
45,26,0.6895317002472902,0.6958803284627461
45,27,0.6897776659369684,0.6953411423741093
45,28,0.6886140590204132,0.6953954836372419
45,29,0.6890019279925984,0.6948520710059173
45,30,0.6881552384069748,0.6949716217848085
45,31,0.6880152271682347,0.695392464678179
45,32,0.6876443865899506,0.6956774544137182
45,33,0.6879849544679668,0.6962860765608019
45,34,0.687850619360527,0.6966936360342952
45,35,0.6882980877113649,0.6975612848689772
45,36,0.6882119997199775,0.6978094433039488
45,37,0.6885043204819413,0.6982429658253835
45,38,0.6893500640456816,0.698563579277865
45,39,0.6899347055696093,0.6992953749547157
45,40,0.6912941390160237,0.70001871754619
45,41,0.6909914120133427,0.7001606086221471
45,42,0.691967706596989,0.7002348750150948
45,43,0.6920339281288255,0.7004709576138147
45,44,0.6917567437169957,0.7006213017751479
45,45,0.6911626419742342,0.7005554884675764
45,46,0.6908504547527193,0.7006533027412148
45,47,0.6903452790669954,0.7006104335225214
45,48,0.6904900204151522,0.7002234029706558
45,49,0.6907539605206148,0.6997772008211568
45,50,0.6909639773787245,0.6998719961357324
46,5,0.6646286201892422,0.673094433039488
46,6,0.6707257312276147,0.6713524936601859
46,7,0.672929962215886,0.6732447772008212
46,8,0.6750272927313354,0.6719079821277621
46,9,0.6770281290146803,0.670218572636155
46,10,0.6779400941102569,0.6685859195749305
46,11,0.6788605734027839,0.6690176307209275
46,12,0.678420673227013,0.6699740369520589
46,13,0.6792323600029515,0.6706484724067143
46,14,0.6807497791038902,0.6714412510566355
46,15,0.6822161130231266,0.6729640140079701
46,16,0.6819512268957804,0.6742205047699553
46,17,0.6819266303268127,0.6741081994928149
46,18,0.6807280206005726,0.6735883347421809
46,19,0.6787697553019797,0.6729344282091535
46,20,0.6790450476700428,0.6737205651491366
46,21,0.678825570593099,0.6731209998792416
46,22,0.6785058151965171,0.672258785170873
46,23,0.6784481078616309,0.673145151551745
46,24,0.6783478295419929,0.6734446322907862
46,25,0.6793704791979247,0.6724936601859679
46,26,0.6803344754970871,0.6717950730588093
46,27,0.6802209528710819,0.6713476633256854
46,28,0.6811641366888099,0.6708163265306123
46,29,0.6815160568294266,0.6712383770076076
46,30,0.6814110484003716,0.6702137423016544
46,31,0.6812029235860284,0.6704172201424948
46,32,0.6811480543167924,0.6694958338364931
46,33,0.6810023669467521,0.6692023910155779
46,34,0.680546384398964,0.6688449462625287
46,35,0.6810212873844198,0.6686106750392464
46,36,0.6812010315422615,0.6685291631445478
46,37,0.6808093784825431,0.668370969689651
46,38,0.6805880093618324,0.6683027412148291
46,39,0.6794868398895804,0.6678160850138872
46,40,0.6793581809134408,0.6675141891075956
46,41,0.6788653035122009,0.6668367346938776
46,42,0.6785058151965171,0.6668313005675642
46,43,0.678169977427918,0.666574085255404
46,44,0.6779542844385077,0.6658803284627459
46,45,0.6775645234225558,0.6656635672020287
46,46,0.6772693645949418,0.6654425793986233
46,47,0.6772608503979914,0.6652602342712233
46,48,0.676996910292529,0.6650676246830093
46,49,0.6769392029576428,0.6650277744233788
46,50,0.6772003049974553,0.6646498007487018
47,5,0.6776865602455115,0.6629030310348992
47,6,0.6789097665407196,0.6649378094433038
47,7,0.6815132187637765,0.6701835527110254
47,8,0.6816636362432336,0.6734675763796643
47,9,0.6835424357036226,0.6773535804854487
47,10,0.6856454423503724,0.6821017992996015
47,11,0.6873094948432347,0.682578794831542
47,12,0.6882015934792605,0.6852203840115928
47,13,0.6882990337332483,0.686433401763072
47,14,0.6889451666795956,0.6867968844342471
47,15,0.688658522048932,0.6858748943364329
47,16,0.6892970868202123,0.6866392947711628
47,17,0.6898826743660235,0.6863331723221834
47,18,0.6900548503487983,0.686371211206376
47,19,0.6903150063667274,0.6876699673952421
47,20,0.6908722132560372,0.6878505011472045
47,21,0.6900463361518479,0.6887169423982612
47,22,0.6884958062849912,0.6890085738437386
47,23,0.6877957500912912,0.690101437024514
47,24,0.6875516764453797,0.6913259268204324
47,25,0.6871429949917602,0.6915620094191524
47,26,0.6870181201031543,0.6921048182586644
47,27,0.686002092600406,0.6920136456949644
47,28,0.6857220701229261,0.6917208066658616
47,29,0.6839880120106937,0.6928293684337642
47,30,0.6839530092010089,0.6920396087429054
47,31,0.6836493361764444,0.6906478686149016
47,32,0.6834062085524162,0.690050718512257
47,33,0.683248222897892,0.6894505494505495
47,34,0.6838101598966188,0.6889904600893613
47,35,0.6836436600451442,0.6886142977901221
47,36,0.6830646946525166,0.6880068832266634
47,37,0.682600197907778,0.6885448617316748
47,38,0.6826720955709147,0.6876289095519866
47,39,0.6821858403228582,0.6874815843497163
47,40,0.6822539538984617,0.6878323873928268
47,41,0.6822161130231263,0.6881040937084894
47,42,0.6823977492247351,0.6888117377128365
47,43,0.6827345330152178,0.6887930201666466
47,44,0.6821981386073422,0.6889415529525419
47,45,0.6820136643400836,0.688869097935032
47,46,0.6820363688652846,0.6890073662601135
47,47,0.6812246820893462,0.6887561888660789
47,48,0.6820628574780192,0.6893334138389083
47,49,0.6814555114288903,0.6898375800024152
47,50,0.6818717610575769,0.6902946504045406
48,5,0.6985898597806364,0.6899480739041178
48,6,0.701210340397594,0.6894553797850501
48,7,0.7039717782751751,0.6912558869701726
48,8,0.7066253696580509,0.6915903876343437
48,9,0.7087472967424682,0.6931614539306847
48,10,0.7097358896105985,0.6957444753049149
48,11,0.7106166359840236,0.6988491728052169
48,12,0.7105608206929042,0.7018246588576259
48,13,0.710345127703494,0.7028825021132713
48,14,0.7098456281490704,0.7037682647023307
48,15,0.7075316586223273,0.7050326047578794
48,16,0.7063273727647867,0.7059799541118222
48,17,0.7072317696852964,0.7077104214466851
48,18,0.7078239793842911,0.7086088636638087
48,19,0.7100414546789297,0.7099444511532423
48,20,0.712023370524607,0.7095224006762468
48,21,0.7136987752800698,0.7099631686994324
48,22,0.7137782411182736,0.7104365414804976
48,23,0.7149995553697148,0.711429175220384
48,24,0.7153420152914978,0.7109823692790725
48,25,0.7161981650959549,0.7114321941794468
48,26,0.7166900964753116,0.7113633619128124
48,27,0.7164857557485019,0.7117582417582419
48,28,0.7168793008519874,0.7119110010868251
48,29,0.7173201470496416,0.7107939862335465
48,30,0.717098777928931,0.7104075594734935
48,31,0.7169833632591589,0.7087066779374471
48,32,0.7171082381477649,0.708101678541239
48,33,0.7165699516961227,0.7073427122328221
48,34,0.7170221501563774,0.7072074628668037
48,35,0.7171877039859686,0.7065855572998431
48,36,0.7171659454826509,0.7057251539669124
48,37,0.7162719548028585,0.7045713078130661
48,38,0.717033502418978,0.7040176307209275
48,39,0.7178735698514178,0.7035134645574207
48,40,0.7175717888706201,0.7028988044922111
48,41,0.7184667255722959,0.7019834561043351
48,42,0.718121427584863,0.7011846395362878
48,43,0.7186833645835895,0.7008857625890592
48,44,0.7183550949900573,0.7002234029706557
48,45,0.7179028965298027,0.6996153846153846
48,46,0.7181658906133817,0.6987658495350805
48,47,0.7172671698241723,0.6985955802439319
48,48,0.7165235966238371,0.6980793382441733
48,49,0.7153741800355327,0.6969623233908948
48,50,0.7144669450493728,0.6970178722376525
49,5,0.6951378259281894,0.6854637121120638
49,6,0.6961775039780221,0.6884198768264702
49,7,0.6961037142711185,0.6908441009539911
49,8,0.6991603109763136,0.6941643521313852
49,9,0.6999549693583511,0.6978052167612607
49,10,0.6999426710738673,0.6981964738558144
49,11,0.699886855782748,0.7006563217002778
49,12,0.6995614242548658,0.7007305880932255
49,13,0.6993050523244704,0.7001684579157106
49,14,0.7000192988464209,0.699887090931047
49,15,0.6995983191083176,0.7007746648955441
49,16,0.700617184676716,0.699872599927545
49,17,0.702788304899069,0.6986100712474339
49,18,0.7042111218116697,0.698046733486294
49,19,0.7053028310650882,0.6969170390049509
49,20,0.7060530264186071,0.6963579277864992
49,21,0.7079866951482321,0.6956436420722135
49,22,0.7096346652690768,0.6955518657167009
49,23,0.7102666078871737,0.6945483637241879
49,24,0.7114349449131457,0.6947796159884073
49,25,0.7131548126971272,0.6938757396449704
49,26,0.7140497493988031,0.6937942277502717
49,27,0.7146173625288301,0.6943146962927184
49,28,0.7146826380387831,0.6930847723704867
49,29,0.7143515303796008,0.6931004709576137
49,30,0.7135805225446475,0.6938346818017147
49,31,0.7125957137640508,0.6944976452119309
49,32,0.7124594866128443,0.6946081391136335
49,33,0.7117111833030921,0.6948744113029828
49,34,0.712023370524607,0.6955210723342591
49,35,0.7114377829787959,0.6956303586523368
49,36,0.7111199196259808,0.6953677092138631
49,37,0.7113223683090237,0.6954160125588698
49,38,0.7108957124396201,0.6952137423016543
49,39,0.7104539202200826,0.6951563820794591
49,40,0.7101105142764162,0.6956973795435335
49,41,0.7095533073871065,0.696295737229803
49,42,0.709427486476617,0.6971205168457916
49,43,0.7092676087783264,0.6977816688805699
49,44,0.7089289329440769,0.6984005554884676
49,45,0.7085684986065098,0.6990230648472407
49,46,0.7087491887862349,0.6987380751117015
49,47,0.7081721154373742,0.6990297065571791
49,48,0.7075401728192775,0.6992223161453931
49,49,0.7070349971335538,0.6994221712353581
49,50,0.7065260373602962,0.6990411786016182
